股票代码,盈亏,开仓日期,开仓时间,平仓日期,平仓时间,开仓价格,平仓价格,价差,数量,资金占用,收益（含手续费）,手续费
SZSE.300498,平多收益,2019-04-09,00:00:00,2019-04-23,00:00:00,40.16,40.86,0.70,74.00,297184,5180,399.12
SZSE.300498,平多止损,2019-04-30,00:00:00,2019-05-17,00:00:00,41.21,35.57,-5.64,72.00,296712,-40608,338.06
SZSE.300498,平多收益,2019-05-20,00:00:00,2019-05-27,00:00:00,34.00,35.85,1.85,88.00,299200,16280,416.43
SZSE.300498,平多收益,2019-05-28,00:00:00,2019-06-12,00:00:00,38.38,38.87,0.49,78.00,299364,3822,400.21
SZSE.300498,平多收益,2019-06-25,00:00:00,2019-07-09,00:00:00,36.08,38.25,2.17,83.00,299464,18011,419.07
SZSE.300498,平多收益,2019-07-12,00:00:00,2019-07-19,00:00:00,38.55,40.85,2.30,77.00,296835,17710,415.20
SZSE.300498,平多收益,2019-07-26,00:00:00,2019-08-01,00:00:00,39.45,41.98,2.53,76.00,299820,19228,421.14
SZSE.300498,平多收益,2020-01-23,00:00:00,2020-02-14,00:00:00,32.68,33.25,0.57,91.00,297388,5187,399.40
SZSE.300498,平多收益,2020-06-11,00:00:00,2020-06-29,00:00:00,20.95,21.60,0.65,143.00,299585,9295,407.72
SZSE.300498,平多收益,2022-05-17,00:00:00,2022-05-31,00:00:00,17.80,18.07,0.27,168.00,299040,4536,400.72
SZSE.300498,平多止损,2022-10-24,00:00:00,2022-11-07,00:00:00,19.86,18.98,-0.88,151.00,299886,-13288,378.31
SZSE.300498,平多收益,2022-11-25,00:00:00,2022-12-02,00:00:00,17.42,18.51,1.09,172.00,299624,18748,420.25
SZSE.300122,平多收益,2020-08-13,00:00:00,2020-08-18,00:00:00,142.00,149.87,7.87,21.00,298200,16527,415.44
SZSE.300122,平多收益,2020-09-23,00:00:00,2020-10-09,00:00:00,142.02,150.00,7.98,21.00,298242,16758,415.80
SZSE.300122,平多止损,2020-10-12,00:00:00,2020-10-26,00:00:00,155.79,142.42,-13.37,19.00,296001,-25403,357.19
SZSE.300122,平多收益,2020-10-27,00:00:00,2020-10-29,00:00:00,146.00,161.11,15.11,20.00,292000,30220,425.33
SZSE.300122,平多止损,2020-10-30,00:00:00,2020-11-13,00:00:00,160.18,131.94,-28.24,18.00,288324,-50832,313.49
SZSE.300122,平多收益,2021-01-25,00:00:00,2021-02-03,00:00:00,167.00,179.62,12.62,17.00,283900,21454,403.07
SZSE.300122,平多收益,2021-07-27,00:00:00,2021-07-30,00:00:00,148.24,157.89,9.65,20.00,296480,19300,416.83
SZSE.300122,平多收益,2021-08-19,00:00:00,2021-08-23,00:00:00,151.10,166.42,15.32,19.00,287090,29108,417.38
SZSE.300122,平多止损,2021-09-08,00:00:00,2021-09-24,00:00:00,159.90,159.71,-0.19,18.00,287820,-342,379.47
SZSE.300122,平多收益,2021-10-08,00:00:00,2021-10-22,00:00:00,146.14,150.73,4.59,20.00,292280,9180,397.93
SZSE.300122,平多止损,2021-11-16,00:00:00,2021-11-30,00:00:00,137.00,128.88,-8.12,21.00,287700,-17052,357.26
SZSE.300122,平多收益,2021-12-06,00:00:00,2021-12-09,00:00:00,120.29,130.04,9.75,24.00,288696,23400,411.97
SZSE.300122,平多收益,2022-01-24,00:00:00,2022-02-08,00:00:00,105.55,114.50,8.95,28.00,295540,25060,423.19
SZSE.300122,平多止损,2022-04-14,00:00:00,2022-04-28,00:00:00,116.00,93.72,-22.28,25.00,290000,-55700,309.28
SZSE.300122,平多止损,2022-05-19,00:00:00,2022-06-02,00:00:00,91.82,84.60,-7.22,32.00,293824,-23104,357.35
SZSE.300122,平多收益,2022-09-16,00:00:00,2022-09-27,00:00:00,82.90,87.89,4.99,36.00,298440,17964,417.65
SZSE.300059,平多收益,2019-06-10,00:00:00,2019-06-11,00:00:00,12.17,13.12,0.95,246.00,299382,23370,426.03
SZSE.300059,平多收益,2019-06-12,00:00:00,2019-06-20,00:00:00,12.86,13.63,0.77,233.00,299638,17941,419.20
SZSE.300059,平多收益,2020-05-21,00:00:00,2020-06-01,00:00:00,14.68,15.44,0.76,204.00,299472,15504,415.77
SZSE.300059,平多止损,2020-10-22,00:00:00,2020-11-05,00:00:00,26.09,24.98,-1.11,114.00,297426,-12654,375.90
SZSE.300059,平多收益,2020-11-06,00:00:00,2020-11-09,00:00:00,25.20,26.92,1.72,119.00,299880,20468,422.86
SZSE.300059,平多止损,2020-11-10,00:00:00,2020-11-24,00:00:00,26.67,26.11,-0.56,112.00,298704,-6272,386.01
SZSE.300059,平多收益,2021-04-12,00:00:00,2021-04-14,00:00:00,26.85,28.38,1.53,111.00,298035,16983,415.82
SZSE.300059,平多止损,2021-05-27,00:00:00,2021-06-10,00:00:00,31.42,31.29,-0.13,95.00,298490,-1235,392.38
SZSE.300059,平多止损,2022-02-14,00:00:00,2022-02-28,00:00:00,27.49,26.74,-0.75,109.00,299641,-8175,384.74
SZSE.300059,平多收益,2022-04-20,00:00:00,2022-04-27,00:00:00,20.61,21.65,1.04,145.00,298845,15080,414.38
SZSE.002812,平多收益,2019-07-09,00:00:00,2019-07-23,00:00:00,30.69,31.55,0.86,97.00,297693,8342,403.97
SZSE.002812,平多止损,2019-07-31,00:00:00,2019-08-14,00:00:00,33.63,30.88,-2.75,89.00,299307,-24475,362.78
SZSE.002812,平多收益,2019-08-16,00:00:00,2019-08-19,00:00:00,30.09,32.28,2.19,99.00,297891,21681,421.84
SZSE.002812,平多收益,2019-08-26,00:00:00,2019-09-09,00:00:00,31.39,31.73,0.34,95.00,298205,3230,397.89
SZSE.002812,平多收益,2019-09-24,00:00:00,2019-10-09,00:00:00,33.02,35.04,2.02,90.00,297180,18180,416.28
SZSE.002812,平多收益,2019-10-30,00:00:00,2019-11-06,00:00:00,33.90,37.48,3.58,88.00,298320,31504,435.37
SZSE.002812,平多止损,2020-03-12,00:00:00,2020-03-26,00:00:00,53.96,45.00,-8.96,55.00,296780,-49280,326.70
SZSE.002812,平多收益,2020-09-25,00:00:00,2020-09-29,00:00:00,86.00,91.41,5.41,34.00,292400,18394,410.25
SZSE.002812,平多止损,2021-02-02,00:00:00,2021-02-23,00:00:00,137.70,113.40,-24.30,21.00,289170,-51030,314.34
SZSE.002812,平多收益,2021-02-24,00:00:00,2021-03-02,00:00:00,107.90,115.91,8.01,27.00,291330,21627,413.10
SZSE.002812,平多收益,2021-03-04,00:00:00,2021-03-10,00:00:00,107.90,116.10,8.20,27.00,291330,22140,413.78
SZSE.002812,平多止损,2021-03-11,00:00:00,2021-03-25,00:00:00,117.48,112.60,-4.88,25.00,293700,-12200,371.58
SZSE.002812,平多收益,2021-04-06,00:00:00,2021-04-20,00:00:00,117.00,124.71,7.71,25.00,292500,19275,411.54
SZSE.002812,平多收益,2021-05-07,00:00:00,2021-05-17,00:00:00,129.73,136.67,6.94,23.00,298379,15962,414.93
SZSE.002812,平多收益,2021-08-16,00:00:00,2021-08-19,00:00:00,241.44,258.30,16.86,12.00,289728,20232,409.15
SZSE.002812,平多收益,2021-10-14,00:00:00,2021-10-15,00:00:00,264.80,278.50,13.70,11.00,291280,15070,404.38
SZSE.002812,平多止损,2021-11-05,00:00:00,2021-11-19,00:00:00,268.32,259.00,-9.32,11.00,295152,-10252,376.07
SZSE.002812,平多止损,2022-09-14,00:00:00,2022-09-28,00:00:00,181.78,179.14,-2.64,16.00,290848,-4224,378.34
SZSE.002812,平多收益,2022-10-28,00:00:00,2022-11-01,00:00:00,149.00,156.85,7.85,20.00,298000,15700,414.08
SZSE.002594,平多止损,2019-10-30,00:00:00,2019-11-13,00:00:00,43.96,43.28,-0.68,68.00,298928,-4624,388.48
SZSE.002594,平多收益,2019-11-15,00:00:00,2019-11-29,00:00:00,43.12,43.39,0.27,69.00,297528,1863,395.20
SZSE.002594,平多收益,2019-12-02,00:00:00,2019-12-16,00:00:00,43.15,44.13,0.98,69.00,297735,6762,401.94
SZSE.002594,平多收益,2020-03-18,00:00:00,2020-03-27,00:00:00,52.09,54.78,2.69,57.00,296913,15333,412.16
SZSE.002594,平多收益,2020-09-24,00:00:00,2020-09-30,00:00:00,106.40,116.24,9.84,28.00,297920,27552,429.62
SZSE.002594,平多收益,2020-11-11,00:00:00,2020-11-13,00:00:00,164.35,175.90,11.55,18.00,295830,20790,417.94
SZSE.002594,平多收益,2020-11-19,00:00:00,2020-11-20,00:00:00,161.62,176.06,14.44,18.00,290916,25992,418.32
SZSE.002594,平多收益,2020-12-14,00:00:00,2020-12-21,00:00:00,170.20,193.60,23.40,17.00,289340,39780,434.44
SZSE.002594,平多收益,2020-12-30,00:00:00,2021-01-04,00:00:00,186.00,206.76,20.76,16.00,297600,33216,436.68
SZSE.002594,平多收益,2021-01-18,00:00:00,2021-01-21,00:00:00,221.69,235.52,13.83,13.00,288197,17979,404.15
SZSE.002594,平多收益,2021-01-26,00:00:00,2021-02-02,00:00:00,254.22,267.50,13.28,11.00,279642,14608,388.41
SZSE.002594,平多收益,2021-02-05,00:00:00,2021-02-10,00:00:00,249.00,266.95,17.95,12.00,298800,21540,422.85
SZSE.002594,平多止损,2021-02-19,00:00:00,2021-03-05,00:00:00,257.35,196.37,-60.98,11.00,283085,-67078,285.13
SZSE.002594,平多止损,2021-03-08,00:00:00,2021-03-22,00:00:00,176.73,173.80,-2.93,16.00,282768,-4688,367.07
SZSE.002594,平多收益,2021-03-23,00:00:00,2021-04-07,00:00:00,168.97,170.99,2.02,17.00,287249,3434,383.70
SZSE.002594,平多收益,2021-04-12,00:00:00,2021-04-19,00:00:00,163.46,176.05,12.59,18.00,294228,22662,418.29
SZSE.002594,平多止损,2021-08-19,00:00:00,2021-09-02,00:00:00,293.72,267.00,-26.72,10.00,293720,-26720,352.44
SZSE.002475,平多收益,2019-05-20,00:00:00,2019-05-21,00:00:00,20.00,21.27,1.27,150.00,300000,19050,421.15
SZSE.002475,平多收益,2019-09-11,00:00:00,2019-09-16,00:00:00,24.37,26.00,1.63,123.00,299751,20049,422.14
SZSE.002475,平多止损,2020-02-26,00:00:00,2020-03-11,00:00:00,47.61,43.97,-3.64,63.00,299943,-22932,365.65
SZSE.002475,平多止损,2020-03-16,00:00:00,2020-03-30,00:00:00,38.66,38.18,-0.48,77.00,297682,-3696,388.06
SZSE.002475,平多收益,2020-03-31,00:00:00,2020-04-02,00:00:00,38.16,41.98,3.82,78.00,297648,29796,432.23
SZSE.002475,平多收益,2020-04-10,00:00:00,2020-04-17,00:00:00,39.65,42.09,2.44,75.00,297375,18300,416.69
SZSE.002475,平多收益,2020-06-17,00:00:00,2020-06-18,00:00:00,42.89,45.65,2.76,69.00,295941,19044,415.78
SZSE.002475,平多收益,2020-09-17,00:00:00,2020-09-23,00:00:00,53.68,56.40,2.72,55.00,295240,14960,409.46
SZSE.002475,平多收益,2020-11-26,00:00:00,2020-12-07,00:00:00,50.18,52.77,2.59,59.00,296062,15281,410.97
SZSE.002475,平多止损,2021-03-12,00:00:00,2021-03-26,00:00:00,40.85,34.92,-5.93,73.00,298205,-43289,336.49
SZSE.002475,平多收益,2021-07-02,00:00:00,2021-07-08,00:00:00,43.60,46.66,3.06,68.00,296480,20808,418.82
SZSE.002475,平多收益,2022-04-26,00:00:00,2022-04-27,00:00:00,26.05,27.74,1.69,115.00,299575,19435,421.09
SZSE.002475,平多收益,2022-05-24,00:00:00,2022-05-26,00:00:00,29.06,30.60,1.54,103.00,299318,15862,416.04
SZSE.002475,平多收益,2022-06-17,00:00:00,2022-07-01,00:00:00,33.27,34.11,0.84,90.00,299430,7560,405.23
SZSE.002352,平多止损,2020-11-11,00:00:00,2020-11-25,00:00:00,80.40,76.32,-4.08,37.00,297480,-15096,372.75
SZSE.002352,平多收益,2020-11-26,00:00:00,2020-12-03,00:00:00,76.63,80.89,4.26,39.00,298857,16614,416.42
SZSE.002352,平多收益,2021-05-19,00:00:00,2021-06-02,00:00:00,69.50,72.59,3.09,43.00,298850,13287,412.02
SZSE.002352,平多止损,2021-06-04,00:00:00,2021-06-21,00:00:00,75.73,71.26,-4.47,39.00,295347,-17433,366.85
SZSE.002352,平多止损,2021-07-02,00:00:00,2021-07-16,00:00:00,66.60,65.30,-1.30,45.00,299700,-5850,387.88
SZSE.002352,平多止损,2021-07-20,00:00:00,2021-08-03,00:00:00,62.40,60.94,-1.46,48.00,299520,-7008,386.12
SZSE.002352,平多收益,2022-03-29,00:00:00,2022-03-31,00:00:00,42.82,45.70,2.88,70.00,299740,20160,422.27
SZSE.002352,平多收益,2022-04-07,00:00:00,2022-04-12,00:00:00,47.63,52.30,4.67,62.00,295306,28954,428.02
SZSE.002352,平多收益,2022-04-25,00:00:00,2022-04-28,00:00:00,45.16,47.50,2.34,66.00,298056,15444,413.82
SZSE.002352,平多收益,2022-07-12,00:00:00,2022-07-19,00:00:00,51.73,54.50,2.77,57.00,294861,15789,410.06
SZSE.002027,平多止损,2021-03-22,00:00:00,2021-04-06,00:00:00,10.38,9.30,-1.08,289.00,299982,-31212,354.78
SZSE.002027,平多收益,2021-07-26,00:00:00,2021-08-09,00:00:00,7.78,7.90,0.12,385.00,299530,4620,401.48
SZSE.002027,平多止损,2022-03-14,00:00:00,2022-03-28,00:00:00,6.17,6.00,-0.17,486.00,299862,-8262,384.91
SZSE.002027,平多收益,2022-04-25,00:00:00,2022-04-29,00:00:00,5.29,5.83,0.54,567.00,299943,30618,436.34
SZSE.000917,平多收益,2019-05-06,00:00:00,2019-05-15,00:00:00,7.19,7.69,0.50,417.00,299823,20850,423.29
SZSE.000917,平多止损,2019-06-04,00:00:00,2019-06-19,00:00:00,7.74,7.14,-0.60,387.00,299538,-23220,364.74
SZSE.000917,平多止损,2019-06-26,00:00:00,2019-07-10,00:00:00,7.11,6.71,-0.40,421.00,299331,-16840,372.89
SZSE.000917,平多收益,2020-02-03,00:00:00,2020-02-06,00:00:00,5.74,6.12,0.38,522.00,299628,19836,421.69
SZSE.000917,平多收益,2020-11-02,00:00:00,2020-11-16,00:00:00,5.18,5.33,0.15,579.00,299922,8685,407.36
SZSE.000917,平多止损,2020-12-16,00:00:00,2020-12-30,00:00:00,5.14,4.82,-0.32,583.00,299662,-18656,370.93
SZSE.000917,平多止损,2020-12-31,00:00:00,2021-01-15,00:00:00,4.85,4.39,-0.46,618.00,299730,-28428,358.12
SZSE.000917,平多收益,2022-04-25,00:00:00,2022-05-12,00:00:00,4.60,4.75,0.15,652.00,299920,9780,408.80
SZSE.000858,平多收益,2020-02-03,00:00:00,2020-02-07,00:00:00,113.54,120.58,7.04,26.00,295204,18304,413.83
SZSE.000858,平多收益,2021-08-26,00:00:00,2021-09-09,00:00:00,207.17,207.33,0.16,14.00,290038,224,383.15
SZSE.000858,平多收益,2021-09-13,00:00:00,2021-09-27,00:00:00,207.79,220.57,12.78,14.00,290906,17892,407.61
SZSE.000858,平多收益,2021-11-03,00:00:00,2021-11-05,00:00:00,199.13,210.31,11.18,15.00,298695,16770,416.41
SZSE.000858,平多收益,2021-11-09,00:00:00,2021-11-23,00:00:00,208.77,214.80,6.03,14.00,292278,8442,396.95
SZSE.000858,平多收益,2022-01-10,00:00:00,2022-01-24,00:00:00,214.96,215.07,0.11,13.00,279448,143,369.06
SZSE.000725,平多收益,2020-02-28,00:00:00,2020-03-06,00:00:00,4.90,5.16,0.26,612.00,299880,15912,416.85
SZSE.000725,平多收益,2020-03-30,00:00:00,2020-04-14,00:00:00,3.76,3.84,0.08,797.00,299672,6376,403.98
SZSE.000725,平多止损,2020-04-15,00:00:00,2020-04-29,00:00:00,3.84,3.57,-0.27,781.00,299904,-21087,368.04
SZSE.000725,平多收益,2021-03-09,00:00:00,2021-03-17,00:00:00,5.95,6.25,0.30,504.00,299880,15120,415.80
SZSE.000568,平多收益,2020-02-03,00:00:00,2020-02-17,00:00:00,74.39,78.22,3.83,40.00,297560,15320,413.00
SZSE.000568,平多收益,2020-12-23,00:00:00,2021-01-04,00:00:00,216.05,240.85,24.80,13.00,280865,32240,413.30
SZSE.000568,平多止损,2021-02-24,00:00:00,2021-03-10,00:00:00,247.01,195.89,-51.12,12.00,296412,-61344,310.29
SZSE.000568,平多收益,2021-03-11,00:00:00,2021-03-18,00:00:00,207.02,219.00,11.98,14.00,289828,16772,404.71
SZSE.000568,平多收益,2021-03-23,00:00:00,2021-04-01,00:00:00,219.90,232.64,12.74,13.00,285870,16562,399.21
SZSE.000568,平多收益,2022-05-06,00:00:00,2022-05-20,00:00:00,199.93,209.02,9.09,15.00,299895,13635,413.86
SZSE.000568,平多收益,2022-10-24,00:00:00,2022-11-07,00:00:00,178.00,182.88,4.88,16.00,284800,7808,386.24
SZSE.000568,平多收益,2022-11-21,00:00:00,2022-12-01,00:00:00,177.70,195.39,17.69,16.00,284320,28304,412.66
SZSE.000002,平多收益,2019-05-06,00:00:00,2019-05-20,00:00:00,27.10,27.26,0.16,110.00,298100,1760,395.82
SZSE.000002,平多止损,2021-07-02,00:00:00,2021-07-16,00:00:00,24.05,23.95,-0.10,124.00,298220,-1240,392.01
SZSE.000002,平多收益,2021-07-26,00:00:00,2021-08-09,00:00:00,21.36,22.28,0.92,140.00,299040,12880,411.73
SZSE.000002,平多止损,2022-03-08,00:00:00,2022-03-22,00:00:00,17.67,17.58,-0.09,169.00,298623,-1521,392.17
SZSE.000001,平多收益,2021-04-08,00:00:00,2021-04-21,00:00:00,21.56,23.01,1.45,139.00,299684,20155,422.19
SZSE.000001,平多收益,2021-07-30,00:00:00,2021-08-09,00:00:00,17.69,19.06,1.37,169.00,298961,23153,425.19
SSE.603288,平多收益,2020-10-28,00:00:00,2020-11-11,00:00:00,165.94,167.20,1.26,18.00,298692,2268,397.27
SSE.603288,平多止损,2020-11-12,00:00:00,2020-11-26,00:00:00,164.37,160.05,-4.32,18.00,295866,-7776,380.28
SSE.603288,平多收益,2021-05-17,00:00:00,2021-05-31,00:00:00,136.45,137.26,0.81,21.00,286545,1701,380.48
SSE.603288,平多收益,2021-07-26,00:00:00,2021-08-09,00:00:00,116.04,121.06,5.02,25.00,290100,12550,399.50
SSE.603288,平多收益,2021-10-18,00:00:00,2021-10-22,00:00:00,112.55,121.80,9.25,26.00,292630,24050,418.02
SSE.601985,平多收益,2021-12-03,00:00:00,2021-12-17,00:00:00,7.20,7.58,0.38,416.00,299520,15808,416.23
SSE.601919,平多止损,2020-03-13,00:00:00,2020-03-27,00:00:00,4.24,4.03,-0.21,707.00,299768,-14847,376.10
SSE.601919,平多止损,2020-04-09,00:00:00,2020-04-23,00:00:00,3.93,3.79,-0.14,763.00,299859,-10682,381.71
SSE.601919,平多止损,2020-04-24,00:00:00,2020-05-13,00:00:00,3.70,3.42,-0.28,810.00,299700,-22680,365.67
SSE.601919,平多收益,2021-02-04,00:00:00,2021-02-18,00:00:00,11.06,11.90,0.84,271.00,299726,22764,425.69
SSE.601919,平多收益,2021-02-19,00:00:00,2021-02-25,00:00:00,12.20,13.31,1.11,245.00,298900,27195,430.45
SSE.601919,平多止损,2021-02-26,00:00:00,2021-03-12,00:00:00,12.64,11.15,-1.49,237.00,299568,-35313,348.82
SSE.601919,平多收益,2021-03-19,00:00:00,2021-03-31,00:00:00,12.57,13.52,0.95,238.00,299166,22610,424.74
SSE.601919,平多收益,2021-04-02,00:00:00,2021-04-07,00:00:00,14.10,16.15,2.05,212.00,298920,43460,451.94
SSE.601919,平多收益,2021-05-14,00:00:00,2021-05-17,00:00:00,19.08,20.99,1.91,157.00,299556,29987,435.00
SSE.601919,平多收益,2021-05-18,00:00:00,2021-06-01,00:00:00,22.03,22.35,0.32,136.00,299608,4352,401.23
SSE.601919,平多收益,2021-06-04,00:00:00,2021-06-07,00:00:00,20.44,21.59,1.15,146.00,298424,16790,416.08
SSE.601919,平多止损,2021-07-14,00:00:00,2021-07-28,00:00:00,23.16,18.18,-4.98,129.00,298764,-64242,309.57
SSE.601919,平多收益,2021-08-05,00:00:00,2021-08-11,00:00:00,19.69,20.71,1.02,152.00,299288,15504,415.53
SSE.601919,平多止损,2021-08-12,00:00:00,2021-08-26,00:00:00,22.00,21.47,-0.53,136.00,299200,-7208,385.43
SSE.601919,平多收益,2021-08-31,00:00:00,2021-09-10,00:00:00,20.74,22.42,1.68,144.00,298656,24192,426.16
SSE.601919,平多止损,2021-09-22,00:00:00,2021-10-13,00:00:00,21.10,16.82,-4.28,142.00,299620,-60776,315.27
SSE.601919,平多收益,2021-10-20,00:00:00,2021-11-03,00:00:00,16.11,16.37,0.26,186.00,299646,4836,401.92
SSE.601919,平多止损,2021-11-04,00:00:00,2021-11-18,00:00:00,16.24,15.07,-1.17,184.00,298816,-21528,366.02
SSE.601919,平多收益,2021-11-19,00:00:00,2021-11-29,00:00:00,15.19,16.39,1.20,197.00,299243,23640,426.21
SSE.601919,平多止损,2022-04-11,00:00:00,2022-04-25,00:00:00,15.00,13.57,-1.43,200.00,300000,-28600,358.25
SSE.601919,平多收益,2022-06-21,00:00:00,2022-07-05,00:00:00,13.91,14.22,0.31,215.00,299065,6665,403.56
SSE.601919,平多止损,2022-12-14,00:00:00,2022-12-28,00:00:00,10.99,10.40,-0.59,272.00,298928,-16048,373.40
SSE.601888,平多止损,2020-03-16,00:00:00,2020-03-30,00:00:00,77.80,67.95,-9.85,38.00,295640,-37430,340.84
SSE.601888,平多收益,2020-07-09,00:00:00,2020-07-10,00:00:00,193.79,203.49,9.70,15.00,290685,14550,402.91
SSE.601888,平多收益,2020-07-14,00:00:00,2020-07-22,00:00:00,190.00,206.61,16.61,15.00,285000,24915,409.09
SSE.601888,平多收益,2020-07-23,00:00:00,2020-07-31,00:00:00,227.27,243.00,15.73,13.00,295451,20449,416.99
SSE.601888,平多止损,2020-08-03,00:00:00,2020-08-17,00:00:00,238.50,207.20,-31.30,12.00,286200,-37560,328.20
SSE.601888,平多收益,2020-08-19,00:00:00,2020-08-25,00:00:00,200.00,210.31,10.31,15.00,300000,15465,416.41
SSE.601888,平多收益,2020-08-27,00:00:00,2020-08-28,00:00:00,203.99,220.30,16.31,14.00,285586,22834,407.11
SSE.601888,平多止损,2020-09-02,00:00:00,2020-09-16,00:00:00,223.00,217.26,-5.74,13.00,289900,-7462,372.82
SSE.601888,平多收益,2020-11-16,00:00:00,2020-11-30,00:00:00,186.45,193.20,6.75,16.00,298320,10800,408.04
SSE.601888,平多收益,2021-01-18,00:00:00,2021-01-25,00:00:00,274.20,308.00,33.80,10.00,274200,33800,406.56
SSE.601888,平多止损,2021-02-24,00:00:00,2021-03-10,00:00:00,314.63,299.62,-15.01,9.00,283167,-13509,355.95
SSE.601888,平多收益,2021-05-07,00:00:00,2021-05-12,00:00:00,288.00,303.00,15.00,10.00,288000,15000,399.96
SSE.601888,平多收益,2021-06-15,00:00:00,2021-06-29,00:00:00,297.68,301.75,4.07,10.00,297680,4070,398.31
SSE.601888,平多止损,2021-11-01,00:00:00,2021-11-15,00:00:00,241.61,229.88,-11.73,12.00,289932,-14076,364.13
SSE.601888,平多止损,2021-11-18,00:00:00,2021-12-02,00:00:00,224.10,201.82,-22.28,13.00,291330,-28964,346.32
SSE.601888,平多收益,2022-01-11,00:00:00,2022-01-12,00:00:00,201.21,212.00,10.79,14.00,281694,15106,391.78
SSE.601888,平多收益,2022-01-14,00:00:00,2022-01-28,00:00:00,200.49,206.56,6.07,14.00,280686,8498,381.72
SSE.601318,平多止损,2020-03-16,00:00:00,2020-03-30,00:00:00,72.00,69.15,-2.85,41.00,295200,-11685,374.24
SSE.601318,平多收益,2020-04-24,00:00:00,2020-04-30,00:00:00,70.50,74.46,3.96,42.00,296100,16632,412.81
SSE.601318,平多收益,2022-03-15,00:00:00,2022-03-17,00:00:00,42.65,45.50,2.85,70.00,298550,19950,420.42
SSE.601166,平多收益,2020-06-15,00:00:00,2020-07-01,00:00:00,15.63,16.15,0.52,191.00,298533,9932,407.17
SSE.601166,平多收益,2021-04-22,00:00:00,2021-05-11,00:00:00,21.61,22.35,0.74,138.00,298218,10212,407.13
SSE.601166,平多收益,2022-03-15,00:00:00,2022-03-16,00:00:00,18.85,19.82,0.97,159.00,299715,15423,415.98
SSE.601088,平多收益,2022-03-15,00:00:00,2022-03-21,00:00:00,24.13,26.10,1.97,124.00,299212,24428,427.20
SSE.601088,平多收益,2022-06-20,00:00:00,2022-06-28,00:00:00,31.04,32.84,1.80,96.00,297984,17280,416.15
SSE.601088,平多收益,2022-07-11,00:00:00,2022-07-18,00:00:00,29.00,30.53,1.53,103.00,298700,15759,415.09
SSE.601088,平多收益,2022-08-02,00:00:00,2022-08-16,00:00:00,27.97,29.19,1.22,107.00,299279,13054,412.28
SSE.600887,平多收益,2022-10-28,00:00:00,2022-11-02,00:00:00,25.88,27.34,1.46,115.00,297620,16790,415.02
SSE.600519,平多收益,2020-03-18,00:00:00,2020-03-25,00:00:00,1007.99,1080.10,72.11,2.00,201598,14422,285.15
SSE.600519,平多收益,2022-10-24,00:00:00,2022-11-07,00:00:00,1501.28,1507.11,5.83,1.00,150128,583,198.94
SSE.600519,平多收益,2022-11-17,00:00:00,2022-12-01,00:00:00,1567.00,1630.80,63.80,1.00,156700,6380,215.27
SSE.600436,平多收益,2020-07-16,00:00:00,2020-07-21,00:00:00,182.90,193.85,10.95,16.00,292640,17520,409.41
SSE.600436,平多收益,2020-09-09,00:00:00,2020-09-10,00:00:00,227.55,242.41,14.86,13.00,295815,19318,415.98
SSE.600436,平多收益,2020-09-17,00:00:00,2020-10-09,00:00:00,245.00,245.60,0.60,12.00,294000,720,389.03
SSE.600436,平多收益,2020-10-26,00:00:00,2020-11-09,00:00:00,224.29,231.32,7.03,13.00,291577,9139,396.95
SSE.600436,平多止损,2020-11-10,00:00:00,2020-11-24,00:00:00,231.34,216.12,-15.22,12.00,277608,-18264,342.33
SSE.600436,平多收益,2021-05-13,00:00:00,2021-05-14,00:00:00,348.19,373.58,25.39,8.00,278552,20312,394.50
SSE.600436,平多收益,2021-09-14,00:00:00,2021-09-27,00:00:00,339.76,360.75,20.99,8.00,271808,16792,380.95
SSE.600436,平多收益,2021-10-11,00:00:00,2021-10-13,00:00:00,394.91,421.93,27.02,7.00,276437,18914,389.86
SSE.600436,平多止损,2022-04-06,00:00:00,2022-04-20,00:00:00,309.18,304.30,-4.88,9.00,278262,-4392,361.51
SSE.600436,平多收益,2022-04-21,00:00:00,2022-05-10,00:00:00,297.04,297.42,0.38,10.00,297040,380,392.59
SSE.600276,平多止损,2020-05-25,00:00:00,2020-06-08,00:00:00,80.95,80.30,-0.65,37.00,299515,-2405,392.19
SSE.600276,平多止损,2021-06-10,00:00:00,2021-06-25,00:00:00,73.00,68.06,-4.94,41.00,299300,-20254,368.34
SSE.600276,平多止损,2021-07-02,00:00:00,2021-07-16,00:00:00,66.91,60.10,-6.81,44.00,294404,-29964,349.06
SSE.600276,平多止损,2021-07-22,00:00:00,2021-08-05,00:00:00,61.28,55.80,-5.48,48.00,294144,-26304,353.55
SSE.600276,平多止损,2021-08-20,00:00:00,2021-09-03,00:00:00,48.46,46.10,-2.36,61.00,295606,-14396,371.20
SSE.600048,平多收益,2022-10-31,00:00:00,2022-11-11,00:00:00,13.80,15.83,2.03,217.00,299460,44051,453.43
SSE.600036,平多收益,2020-03-19,00:00:00,2020-03-20,00:00:00,29.31,31.04,1.73,102.00,298962,17646,417.92
SSE.600036,平多收益,2021-04-08,00:00:00,2021-04-22,00:00:00,50.50,52.61,2.11,59.00,297950,12449,409.73
SSE.600036,平多收益,2022-03-14,00:00:00,2022-03-17,00:00:00,42.15,44.51,2.36,71.00,299265,16756,417.15
SSE.600036,平多止损,2022-04-18,00:00:00,2022-05-05,00:00:00,43.39,39.26,-4.13,69.00,299391,-28497,357.58
SSE.600031,平多止损,2021-03-03,00:00:00,2021-03-17,00:00:00,43.25,36.33,-6.92,69.00,298425,-47748,330.89
SSE.600031,平多止损,2021-03-18,00:00:00,2021-04-01,00:00:00,37.00,34.90,-2.10,81.00,299700,-17010,373.15
SSE.600031,平多止损,2021-04-09,00:00:00,2021-04-23,00:00:00,33.40,32.93,-0.47,89.00,297260,-4183,386.86
SSE.600031,平多止损,2021-04-27,00:00:00,2021-05-14,00:00:00,31.36,29.08,-2.28,95.00,297920,-21660,364.66
SSE.600031,平多收益,2021-05-17,00:00:00,2021-05-31,00:00:00,29.87,30.29,0.42,100.00,298700,4200,399.83
SSE.600031,平多收益,2021-06-16,00:00:00,2021-06-25,00:00:00,26.92,29.11,2.19,111.00,298812,24309,426.52
SSE.600031,平多止损,2021-06-28,00:00:00,2021-07-12,00:00:00,28.79,25.67,-3.12,104.00,299416,-32448,352.40
SSE.600031,平多收益,2021-08-25,00:00:00,2021-09-01,00:00:00,26.82,28.85,2.03,111.00,297702,22533,422.71
SSE.600031,平多收益,2021-11-10,00:00:00,2021-11-23,00:00:00,21.78,22.91,1.13,137.00,298386,15481,414.30
