股票代码,盈亏,开仓日期,开仓时间,平仓日期,平仓时间,开仓价格,平仓价格,价差,数量,资金占用,收益（含手续费）,手续费,10500000,
SZSE.300122,平多止损,2018-12-17,0:00:00,2019-1-2,0:00:00,38.58,36.07,-2.51,77,297066,-19327,366.62,10480673,0.001840667
SZSE.002594,平多收益,2019-1-2,0:00:00,2019-1-8,0:00:00,49.17,52.88,3.71,61,299937,22631,425.79,10503304,
SZSE.002475,平多收益,2018-12-17,0:00:00,2019-1-2,0:00:00,13.5,14.14,0.64,222,299700,14208,414.36,10517512,
SZSE.002027,平多收益,2018-12-27,0:00:00,2019-1-10,0:00:00,5.33,5.62,0.29,562,299546,16298,416.91,10533810,
SZSE.000917,平多收益,2018-11-30,0:00:00,2018-12-4,0:00:00,6.15,6.93,0.78,487,299505,37986,445.49,10571796,
SZSE.000917,平多止损,2019-1-25,0:00:00,2019-1-29,0:00:00,6.59,6.15,-0.44,455,299845,-20020,369.37,10551776,
SSE.600276,平多止损,2018-12-17,0:00:00,2019-1-2,0:00:00,57.19,52.97,-4.22,52,297388,-21944,363.59,10529832,
SSE.600028,平多收益,2018-12-28,0:00:00,2019-1-9,0:00:00,5.05,5.35,0.3,594,299970,17820,419.48,10547652,
SZSE.300498,平多收益,2019-3-22,0:00:00,2019-3-29,0:00:00,37.58,40.6,3.02,79,296882,23858,423.38,10571510,
SZSE.000917,平多收益,2019-1-31,0:00:00,2019-2-1,0:00:00,5.72,6.03,0.31,524,299728,16244,417.08,10587754,
SZSE.000917,平多止损,2019-3-26,0:00:00,2019-4-9,0:00:00,9.16,8.89,-0.27,327,299532,-8829,383.73,10578925,
SZSE.000725,平多收益,2019-3-14,0:00:00,2019-3-22,0:00:00,3.81,4.07,0.26,787,299847,20462,422.81,10599387,
SSE.600276,平多收益,2019-4-8,0:00:00,2019-4-9,0:00:00,63.98,64.82,0.84,46,294308,3864,393.59,10603251,
SZSE.300498,平多收益,2019-4-16,0:00:00,2019-4-17,0:00:00,37.93,40.39,2.46,79,299647,19434,421.19,10622685,
SZSE.300498,平多收益,2019-5-8,0:00:00,2019-5-10,0:00:00,34.64,36.88,2.24,86,297904,19264,418.66,10641949,
SZSE.300498,平多收益,2019-5-14,0:00:00,2019-5-28,0:00:00,35.44,38.38,2.94,84,297696,24696,425.56,10666645,
SZSE.300122,平多止损,2019-4-11,0:00:00,2019-4-25,0:00:00,44.7,44.46,-0.24,67,299490,-1608,393.2,10665037,
SZSE.300122,平多收益,2019-5-9,0:00:00,2019-5-16,0:00:00,39.47,45.35,5.88,76,299972,44688,454.95,10709725,
SZSE.300122,平多收益,2019-6-5,0:00:00,2019-6-14,0:00:00,37.08,37.8,0.72,80,296640,5760,399.17,10715485,
SZSE.300059,平多止损,2019-4-29,0:00:00,2019-5-16,0:00:00,16.63,15.57,-1.06,180,299340,-19080,369.94,10696405,
SZSE.300059,平多止损,2019-5-22,0:00:00,2019-6-5,0:00:00,12.62,12.59,-0.03,237,299094,-711,393.87,10695694,
SZSE.002812,平多收益,2019-5-7,0:00:00,2019-5-20,0:00:00,51.01,55.07,4.06,58,295858,23548,421.62,10719242,
SZSE.002594,平多止损,2019-5-6,0:00:00,2019-5-20,0:00:00,52.05,49,-3.05,57,296685,-17385,368.68,10701857,
SZSE.002475,平多收益,2019-5-6,0:00:00,2019-5-10,0:00:00,23.48,24.78,1.3,127,298196,16510,415.41,10718367,
SZSE.002475,平多止损,2019-5-13,0:00:00,2019-5-27,0:00:00,23.15,20.6,-2.55,129,298635,-32895,350.78,10685472,
SZSE.002352,平多止损,2019-5-14,0:00:00,2019-5-28,0:00:00,30.76,30.02,-0.74,97,298372,-7178,384.38,10678294,
SZSE.002027,平多止损,2019-4-26,0:00:00,2019-5-15,0:00:00,6.17,5.73,-0.44,486,299862,-21384,367.59,10656910,
SZSE.000917,平多收益,2019-4-29,0:00:00,2019-5-16,0:00:00,7.61,7.68,0.07,394,299834,2758,399.42,10659668,
SZSE.000776,平多止损,2019-5-6,0:00:00,2019-5-20,0:00:00,14.01,13.24,-0.77,214,299814,-16478,374,10643190,
SZSE.000725,平多止损,2019-4-29,0:00:00,2019-5-16,0:00:00,3.57,3.42,-0.15,840,299880,-12600,379.21,10630590,
SZSE.000568,平多收益,2019-5-9,0:00:00,2019-5-10,0:00:00,67.7,71.81,4.11,44,297880,18084,417.07,10648674,
SZSE.000568,平多止损,2019-5-31,0:00:00,2019-6-14,0:00:00,70.63,70.24,-0.39,42,296646,-1638,389.41,10647036,
SZSE.000002,平多收益,2019-5-6,0:00:00,2019-5-20,0:00:00,27.1,27.26,0.16,110,298100,1760,395.82,10648796,
SZSE.000001,平多止损,2019-5-6,0:00:00,2019-5-20,0:00:00,12.87,12.38,-0.49,233,299871,-11417,380.76,10637379,
SSE.601919,平多止损,2019-5-6,0:00:00,2019-5-20,0:00:00,5.24,5.08,-0.16,572,299728,-9152,383.56,10628227,
SSE.600031,平多止损,2019-4-22,0:00:00,2019-5-9,0:00:00,12.19,11.86,-0.33,246,299874,-8118,385.12,10620109,
SZSE.300059,平多收益,2019-7-8,0:00:00,2019-7-15,0:00:00,13,13.88,0.88,230,299000,20240,421.4,10640349,
SZSE.002812,平多收益,2019-6-21,0:00:00,2019-7-2,0:00:00,47.47,50.57,3.1,63,299061,19530,420.54,10659879,
SZSE.002812,平多收益,2019-7-9,0:00:00,2019-7-23,0:00:00,30.69,31.55,0.86,97,297693,8342,403.97,10668221,
SZSE.002594,平多收益,2019-8-13,0:00:00,2019-8-15,0:00:00,49.5,50.11,0.61,60,297000,3660,396.87,10671881,
SZSE.002475,平多收益,2019-7-5,0:00:00,2019-7-19,0:00:00,19.79,20,0.21,151,298829,3171,398.64,10675052,
SZSE.002027,平多收益,2019-7-24,0:00:00,2019-7-30,0:00:00,4.83,5.21,0.38,621,299943,23598,427.07,10698650,
SZSE.000917,平多止损,2019-8-7,0:00:00,2019-8-15,0:00:00,5.67,5.67,0,529,299943,0,395.92,10698650,
SZSE.000725,平多收益,2019-7-10,0:00:00,2019-7-16,0:00:00,3.68,3.96,0.28,815,299920,22820,426.02,10721470,
SZSE.000725,平多收益,2019-8-7,0:00:00,2019-8-15,0:00:00,3.71,3.85,0.14,808,299768,11312,410.63,10732782,
SZSE.000568,平多止损,2019-7-24,0:00:00,2019-8-7,0:00:00,81.22,77.99,-3.23,36,292392,-11628,370.61,10721154,
SZSE.000002,平多止损,2019-8-5,0:00:00,2019-8-15,0:00:00,27.01,26.34,-0.67,111,299811,-7437,385.93,10713717,
SZSE.000001,平多收益,2019-7-10,0:00:00,2019-7-24,0:00:00,13.56,13.88,0.32,221,299676,7072,404.91,10720789,
SSE.603288,平多止损,2019-7-19,0:00:00,2019-8-2,0:00:00,101.41,97.45,-3.96,29,294089,-11484,373.04,10709305,
SSE.601985,平多止损,2019-7-24,0:00:00,2019-8-7,0:00:00,5.54,5.35,-0.19,541,299714,-10279,382.05,10699026,
SSE.601919,平多收益,2019-6-18,0:00:00,2019-6-21,0:00:00,4.68,5.04,0.36,641,299988,23076,426.44,10722102,
SSE.601919,平多收益,2019-7-10,0:00:00,2019-7-16,0:00:00,4.74,4.98,0.24,632,299568,15168,415.45,10737270,
SSE.601919,平多止损,2019-8-5,0:00:00,2019-8-15,0:00:00,4.43,4.39,-0.04,677,299911,-2708,392.31,10734562,
SSE.601888,平多收益,2019-7-8,0:00:00,2019-7-22,0:00:00,85,88.02,3.02,35,297500,10570,406.65,10745132,
SSE.601088,平多止损,2019-7-9,0:00:00,2019-7-23,0:00:00,18.99,18.96,-0.03,157,298143,-471,392.93,10744661,
SSE.600887,平多收益,2019-8-6,0:00:00,2019-8-15,0:00:00,28.1,28.14,0.04,106,297860,424,393.73,10745085,
SSE.600436,平多收益,2019-7-19,0:00:00,2019-8-2,0:00:00,102.78,103.15,0.37,29,298062,1073,394.86,10746158,
SZSE.000917,平多收益,2019-9-26,0:00:00,2019-10-14,0:00:00,5.91,6.24,0.33,507,299637,16731,417.61,10762889,
SZSE.000568,平多止损,2019-9-16,0:00:00,2019-9-30,0:00:00,86.79,85.22,-1.57,34,295086,-5338,382.47,10757551,
SZSE.300498,平多止损,2019-11-22,0:00:00,2019-12-6,0:00:00,35.56,35.05,-0.51,84,298704,-4284,388.63,10753267,
SZSE.000917,平多止损,2019-11-15,0:00:00,2019-11-29,0:00:00,5.98,5.97,-0.01,501,299598,-501,394.81,10752766,
SSE.601919,平多收益,2019-10-28,0:00:00,2019-11-4,0:00:00,4.65,4.89,0.24,645,299925,15480,416.33,10768246,
SSE.600276,平多收益,2019-12-2,0:00:00,2019-12-16,0:00:00,83.73,85.25,1.52,35,293055,5320,393.86,10773566,
SZSE.300498,平多止损,2020-1-22,0:00:00,2020-2-13,0:00:00,34.42,32.11,-2.31,87,299454,-20097,368.75,10753469,
SZSE.300059,平多收益,2020-2-3,0:00:00,2020-2-6,0:00:00,13.57,14.62,1.05,221,299897,23205,426.49,10776674,
SZSE.002812,平多收益,2020-2-3,0:00:00,2020-2-4,0:00:00,55.6,61.16,5.56,53,294680,29468,427.88,10806142,
SZSE.002812,平多收益,2020-2-28,0:00:00,2020-3-5,0:00:00,58.34,58.65,0.31,51,297534,1581,394.83,10807723,
SZSE.002475,平多收益,2020-2-3,0:00:00,2020-2-4,0:00:00,40.7,44.56,3.86,73,297110,28178,429.38,10835901,
SZSE.002475,平多止损,2020-3-4,0:00:00,2020-3-5,0:00:00,45.82,45.48,-0.34,65,297830,-2210,390.22,10833691,
SZSE.002027,平多止损,2020-1-21,0:00:00,2020-2-12,0:00:00,6.27,5.69,-0.58,478,299706,-27724,359.02,10805967,
SZSE.002027,平多收益,2020-2-28,0:00:00,2020-3-5,0:00:00,5.34,5.54,0.2,561,299574,11220,410.25,10817187,
SZSE.000917,平多止损,2020-1-23,0:00:00,2020-2-14,0:00:00,6.38,6.32,-0.06,470,299860,-2820,392.09,10814367,
SZSE.000917,平多收益,2020-2-28,0:00:00,2020-3-2,0:00:00,6.25,6.58,0.33,480,300000,15840,416.91,10830207,
SZSE.000858,平多止损,2020-1-23,0:00:00,2020-2-14,0:00:00,126.16,123.43,-2.73,23,290168,-6279,374.73,10823928,
SZSE.000776,平多收益,2020-2-3,0:00:00,2020-2-6,0:00:00,13.33,14.03,0.7,225,299925,15750,416.69,10839678,
SZSE.000725,平多收益,2020-2-3,0:00:00,2020-2-6,0:00:00,4.25,4.67,0.42,705,299625,29610,434.59,10869288,
SZSE.000725,平多收益,2020-2-28,0:00:00,2020-3-5,0:00:00,4.9,5.1,0.2,612,299880,12240,412,10881528,
SZSE.000568,平多止损,2020-1-23,0:00:00,2020-2-14,0:00:00,82.65,77.72,-4.93,36,297540,-17748,369.33,10863780,
SZSE.000568,平多收益,2020-2-28,0:00:00,2020-3-3,0:00:00,74.8,79,4.2,40,299200,16800,417.12,10880580,
SZSE.000002,平多止损,2020-1-21,0:00:00,2020-2-12,0:00:00,29.21,29.08,-0.13,102,297942,-1326,391.53,10879254,
SZSE.000001,平多收益,2020-2-3,0:00:00,2020-2-6,0:00:00,13.99,14.77,0.78,214,299386,16692,417.22,10895946,
SZSE.000001,平多收益,2020-2-10,0:00:00,2020-2-17,0:00:00,14.5,15.37,0.87,206,298700,17922,417.94,10913868,
SSE.603288,平多收益,2020-2-3,0:00:00,2020-2-11,0:00:00,101.83,107,5.17,29,295307,14993,409.6,10928861,
SSE.601985,平多收益,2020-2-3,0:00:00,2020-2-17,0:00:00,4.43,4.68,0.25,677,299911,16925,418.22,10945786,
SSE.601939,平多收益,2020-2-3,0:00:00,2020-2-17,0:00:00,6.44,6.74,0.3,465,299460,13950,413.7,10959736,
SSE.601919,平多收益,2020-2-3,0:00:00,2020-2-17,0:00:00,4.28,4.44,0.16,700,299600,11200,410.26,10970936,
SSE.601919,平多收益,2020-2-28,0:00:00,2020-3-3,0:00:00,4.04,4.27,0.23,742,299768,17066,418.22,10988002,
SSE.601888,平多止损,2020-1-21,0:00:00,2020-2-12,0:00:00,83.75,80.4,-3.35,35,293125,-11725,371.45,10976277,
SSE.601398,平多收益,2020-2-3,0:00:00,2020-2-17,0:00:00,5.42,5.49,0.07,553,299726,3871,400.75,10980148,
SSE.601318,平多收益,2020-2-3,0:00:00,2020-2-17,0:00:00,77.71,82.39,4.68,38,295298,17784,413.27,10997932,
SSE.601166,平多收益,2020-2-3,0:00:00,2020-2-17,0:00:00,17.11,18.15,1.04,175,299425,18200,419.26,11016132,
SSE.601088,平多收益,2020-2-3,0:00:00,2020-2-17,0:00:00,15.98,16.89,0.91,187,298826,17017,416.91,11033149,
SSE.600887,平多收益,2020-2-3,0:00:00,2020-2-6,0:00:00,28.38,30.3,1.92,105,297990,20160,419.96,11053309,
SSE.600585,平多收益,2020-1-23,0:00:00,2020-2-10,0:00:00,48,51.27,3.27,62,297600,20274,419.59,11073583,
SSE.600519,平多收益,2020-1-3,0:00:00,2020-1-17,0:00:00,1078.56,1107.5,28.94,2,215712,5788,292.38,11079371,
SSE.600519,平多收益,2020-2-3,0:00:00,2020-2-6,0:00:00,1003.92,1071,67.08,2,200784,13416,282.74,11092787,
SSE.600276,平多收益,2020-2-28,0:00:00,2020-3-3,0:00:00,84.09,88.34,4.25,35,294315,14875,408.13,11107662,
SSE.600048,平多收益,2020-2-3,0:00:00,2020-2-10,0:00:00,13.98,14.83,0.85,214,299172,18190,418.92,11125852,
SSE.600036,平多收益,2020-2-3,0:00:00,2020-2-17,0:00:00,35.03,36.17,1.14,85,297755,9690,405.83,11135542,
SSE.600031,平多收益,2020-2-3,0:00:00,2020-2-4,0:00:00,14.43,15.4,0.97,207,298701,20079,420.79,11155621,
SSE.600028,平多收益,2020-2-3,0:00:00,2020-2-17,0:00:00,4.62,4.78,0.16,649,299838,10384,409.49,11166005,
SSE.600000,平多收益,2020-2-3,0:00:00,2020-2-17,0:00:00,10.47,11.18,0.71,286,299442,20306,422.07,11186311,
SZSE.300498,平多止损,2020-3-11,0:00:00,2020-3-25,0:00:00,34.16,31.63,-2.53,87,297192,-22011,363.24,11164300,
SZSE.300498,平多收益,2020-3-26,0:00:00,2020-3-31,0:00:00,30.66,32.3,1.64,97,297402,15908,413.57,11180208,
SZSE.300498,平多止损,2020-4-16,0:00:00,2020-4-30,0:00:00,30.5,30.23,-0.27,98,298900,-2646,391.06,11177562,
SZSE.300122,平多收益,2020-3-13,0:00:00,2020-3-25,0:00:00,60.87,65.8,4.93,49,298263,24157,425.59,11201719,
SZSE.300059,平多收益,2020-3-9,0:00:00,2020-3-10,0:00:00,17.99,19,1.01,166,298634,16766,416.33,11218485,
SZSE.300059,平多止损,2020-3-11,0:00:00,2020-3-25,0:00:00,18.17,16.88,-1.29,165,299805,-21285,367.65,11197200,
SZSE.300059,平多收益,2020-3-30,0:00:00,2020-4-9,0:00:00,16.34,17.45,1.11,183,299022,20313,421.52,11217513,
SZSE.002812,平多止损,2020-3-9,0:00:00,2020-3-23,0:00:00,54.55,43.22,-11.33,54,294570,-61182,308.07,11156331,
SZSE.002812,平多收益,2020-3-24,0:00:00,2020-3-25,0:00:00,43.12,45.86,2.74,69,297528,18906,417.69,11175237,
SZSE.002812,平多收益,2020-3-26,0:00:00,2020-4-2,0:00:00,45,48.11,3.11,66,297000,20526,419.13,11195763,
SZSE.002594,平多止损,2020-3-9,0:00:00,2020-3-23,0:00:00,59.45,48.15,-11.3,50,297250,-56500,317.79,11139263,
SZSE.002594,平多收益,2020-3-24,0:00:00,2020-3-25,0:00:00,49.73,52.25,2.52,60,298380,15120,413.82,11154383,
SZSE.002594,平多收益,2020-4-10,0:00:00,2020-4-14,0:00:00,54.57,57.92,3.35,54,294678,18090,412.85,11172473,
SZSE.002475,平多收益,2020-3-9,0:00:00,2020-3-10,0:00:00,42.48,45.17,2.69,70,297360,18830,417.37,11191303,
SZSE.002475,平多止损,2020-3-11,0:00:00,2020-3-25,0:00:00,43.97,38.95,-5.02,68,298996,-34136,349.62,11157167,
SZSE.002475,平多收益,2020-3-26,0:00:00,2020-4-2,0:00:00,37.35,41.98,4.63,80,298800,37040,443.31,11194207,
SZSE.002352,平多收益,2020-3-11,0:00:00,2020-3-25,0:00:00,46.01,46.59,0.58,65,299065,3770,399.74,11197977,
SZSE.002027,平多止损,2020-3-9,0:00:00,2020-3-23,0:00:00,5.26,4.24,-1.02,570,299820,-58140,319.02,11139837,
SZSE.002027,平多止损,2020-3-24,0:00:00,2020-4-8,0:00:00,4.25,4.1,-0.15,705,299625,-10575,381.55,11129262,
SZSE.002027,平多收益,2020-4-9,0:00:00,2020-4-15,0:00:00,4.09,4.3,0.21,733,299797,15393,416.05,11144655,
SZSE.000917,平多止损,2020-3-16,0:00:00,2020-3-30,0:00:00,6.68,6.08,-0.6,449,299932,-26940,360.35,11117715,
SZSE.000917,平多收益,2020-3-31,0:00:00,2020-4-2,0:00:00,6.08,6.46,0.38,493,299744,18734,420.39,11136449,
SZSE.000917,平多收益,2020-4-15,0:00:00,2020-4-24,0:00:00,6.21,6.63,0.42,483,299943,20286,422.7,11156735,
SZSE.000858,平多止损,2020-3-13,0:00:00,2020-3-27,0:00:00,122.6,115.81,-6.79,24,294240,-16296,366.89,11140439,
SZSE.000776,平多止损,2020-3-12,0:00:00,2020-3-26,0:00:00,14.69,13.79,-0.9,204,299676,-18360,371.34,11122079,
SZSE.000725,平多止损,2020-3-9,0:00:00,2020-3-23,0:00:00,4.9,3.94,-0.96,612,299880,-58752,318.29,11063327,
SZSE.000725,平多止损,2020-3-24,0:00:00,2020-4-8,0:00:00,3.95,3.94,-0.01,759,299805,-759,394.74,11062568,
SZSE.000725,平多收益,2020-4-28,0:00:00,2020-4-30,0:00:00,3.54,3.76,0.22,847,299838,18634,420.38,11081202,
SZSE.000568,平多止损,2020-3-16,0:00:00,2020-3-30,0:00:00,74.05,71.91,-2.14,40,296200,-8560,379.68,11072642,
SZSE.000002,平多止损,2020-3-13,0:00:00,2020-3-27,0:00:00,29.45,26.57,-2.88,101,297445,-29088,354.23,11043554,
SZSE.000002,平多收益,2020-3-30,0:00:00,2020-4-14,0:00:00,26.04,27.35,1.31,115,299460,15065,415.17,11058619,
SZSE.000001,平多止损,2020-3-9,0:00:00,2020-3-23,0:00:00,14.45,12.15,-2.3,207,299115,-47610,331.99,11011009,
SZSE.000001,平多收益,2020-3-24,0:00:00,2020-4-8,0:00:00,12.61,12.78,0.17,237,298857,4029,399.81,11015038,
SSE.603288,平多收益,2020-3-16,0:00:00,2020-3-24,0:00:00,98,104.02,6.02,30,294000,18060,411.92,11033098,
SSE.603288,平多收益,2020-5-7,0:00:00,2020-5-12,0:00:00,107.71,112.47,4.76,27,290817,12852,400.84,11045950,
SSE.601985,平多止损,2020-3-13,0:00:00,2020-3-27,0:00:00,4.55,4.46,-0.09,659,299845,-5931,387.97,11040019,
SSE.601939,平多收益,2020-3-19,0:00:00,2020-4-2,0:00:00,6.21,6.43,0.22,483,299943,10626,409.95,11050645,
SSE.601919,平多止损,2020-3-18,0:00:00,2020-4-1,0:00:00,4.08,4.01,-0.07,735,299880,-5145,389.05,11045500,
SSE.601919,平多止损,2020-4-13,0:00:00,2020-4-27,0:00:00,3.77,3.64,-0.13,795,299715,-10335,381.98,11035165,
SSE.601919,平多止损,2020-4-28,0:00:00,2020-5-12,0:00:00,3.52,3.46,-0.06,852,299904,-5112,389.13,11030053,
SSE.601888,平多止损,2020-3-16,0:00:00,2020-3-30,0:00:00,77.8,67.95,-9.85,38,295640,-37430,340.84,10992623,
SSE.601888,平多收益,2020-3-31,0:00:00,2020-4-2,0:00:00,67.2,71.83,4.63,44,295680,20372,417.19,11012995,
SSE.601398,平多收益,2020-3-19,0:00:00,2020-4-2,0:00:00,4.99,5.19,0.2,601,299899,12020,411.73,11025015,
SSE.601318,平多止损,2020-3-12,0:00:00,2020-3-26,0:00:00,76.65,70.19,-6.46,39,298935,-25194,361.34,10999821,
SSE.601318,平多收益,2020-3-27,0:00:00,2020-4-13,0:00:00,69.72,70.13,0.41,43,299796,1763,398.06,11001584,
SSE.601166,平多止损,2020-3-13,0:00:00,2020-3-27,0:00:00,16.86,16.28,-0.58,177,298422,-10266,380.37,10991318,
SSE.601088,平多收益,2020-3-17,0:00:00,2020-3-30,0:00:00,15.7,16.58,0.88,191,299870,16808,418.01,11008126,
SSE.600900,平多收益,2020-3-19,0:00:00,2020-3-31,0:00:00,16.36,17.29,0.93,183,299388,17019,417.66,11025145,
SSE.600887,平多止损,2020-3-12,0:00:00,2020-3-26,0:00:00,28.57,28.38,-0.19,105,299985,-1995,393.35,11023150,
SSE.600887,平多止损,2020-4-30,0:00:00,2020-5-12,0:00:00,29.24,29.13,-0.11,102,298248,-1122,392.21,11022028,
SSE.600585,平多止损,2020-3-12,0:00:00,2020-3-26,0:00:00,55.19,54.33,-0.86,54,298026,-4644,387.26,11017384,
SSE.600519,平多收益,2020-3-16,0:00:00,2020-3-30,0:00:00,1067,1072,5,2,213400,1000,283.01,11018384,
SSE.600436,平多收益,2020-3-13,0:00:00,2020-3-27,0:00:00,119.25,124.76,5.51,25,298125,13775,411.71,11032159,
SSE.600276,平多收益,2020-3-13,0:00:00,2020-3-25,0:00:00,84.7,88.97,4.27,35,296450,14945,411.04,11047104,
SSE.600048,平多止损,2020-3-16,0:00:00,2020-3-30,0:00:00,15.29,15.2,-0.09,196,299684,-1764,393.25,11045340,
SSE.600036,平多止损,2020-3-13,0:00:00,2020-3-27,0:00:00,33.41,32.72,-0.69,89,297349,-6141,384.39,11039199,
SSE.600031,平多止损,2020-3-12,0:00:00,2020-3-26,0:00:00,17,16.8,-0.2,176,299200,-3520,390.3,11035679,
SSE.600028,平多止损,2020-3-13,0:00:00,2020-3-27,0:00:00,4.55,4.49,-0.06,659,299845,-3954,390.58,11031725,
SSE.600000,平多止损,2020-3-16,0:00:00,2020-3-30,0:00:00,10.51,10.28,-0.23,285,299535,-6555,386.73,11025170,
SZSE.300498,平多止损,2020-5-14,0:00:00,2020-5-28,0:00:00,28.4,26.14,-2.26,105,298200,-23730,362.3,11001440,
SZSE.300498,平多收益,2020-6-11,0:00:00,2020-6-29,0:00:00,20.95,21.6,0.65,143,299585,9295,407.72,11010735,
SZSE.300059,平多收益,2020-5-21,0:00:00,2020-6-1,0:00:00,14.68,15.44,0.76,204,299472,15504,415.77,11026239,
SZSE.300059,平多收益,2020-6-2,0:00:00,2020-6-12,0:00:00,15.35,16.13,0.78,195,299325,15210,415.19,11041449,
SZSE.002812,平多收益,2020-6-15,0:00:00,2020-6-19,0:00:00,59.37,63.55,4.18,50,296850,20900,419.43,11062349,
SZSE.002475,平多收益,2020-5-22,0:00:00,2020-6-1,0:00:00,44.55,47.92,3.37,67,298485,22579,423.8,11084928,
SZSE.002475,平多收益,2020-6-17,0:00:00,2020-6-18,0:00:00,42.89,45.65,2.76,69,295941,19044,415.78,11103972,
SZSE.002475,平多收益,2020-6-19,0:00:00,2020-6-23,0:00:00,45.6,49.05,3.45,65,296400,22425,420.85,11126397,
SSE.603288,平多收益,2020-5-14,0:00:00,2020-5-21,0:00:00,110.32,118.09,7.77,27,297864,20979,420.87,11147376,
SSE.601939,平多止损,2020-7-14,0:00:00,2020-7-15,0:00:00,6.42,6.31,-0.11,467,299814,-5137,388.97,11142239,
SSE.601919,平多止损,2020-5-14,0:00:00,2020-5-28,0:00:00,3.35,3.19,-0.16,895,299825,-14320,376.87,11127919,
SSE.601166,平多止损,2020-7-15,0:00:00,2020-7-15,0:00:00,16.24,16.24,0,184,298816,0,394.44,11127919,
SSE.601088,平多收益,2020-6-15,0:00:00,2020-7-1,0:00:00,14.61,14.74,0.13,205,299505,2665,398.86,11130584,
SSE.600887,平多止损,2020-5-15,0:00:00,2020-5-29,0:00:00,28.48,28.45,-0.03,105,299040,-315,394.32,11130269,
SSE.600585,平多止损,2020-5-25,0:00:00,2020-6-8,0:00:00,56.71,56.01,-0.7,52,294892,-3640,384.45,11126629,
SSE.600585,平多收益,2020-6-29,0:00:00,2020-7-2,0:00:00,52.76,56.59,3.83,56,295456,21448,418.31,11148077,
SSE.600276,平多止损,2020-5-25,0:00:00,2020-6-8,0:00:00,80.95,80.3,-0.65,37,299515,-2405,392.19,11145672,
SSE.600036,平多止损,2020-7-15,0:00:00,2020-7-15,0:00:00,35.86,35.86,0,83,297638,0,392.88,11145672,
SSE.600031,平多收益,2020-5-22,0:00:00,2020-6-5,0:00:00,18.72,18.79,0.07,160,299520,1120,396.84,11146792,
SZSE.300498,平多止损,2020-7-23,0:00:00,2020-8-6,0:00:00,23.53,23.34,-0.19,127,298831,-2413,391.27,11144379,
SZSE.300498,平多止损,2020-9-7,0:00:00,2020-9-15,0:00:00,22.86,21.48,-1.38,131,299466,-18078,371.43,11126301,
SZSE.300122,平多止损,2020-8-6,0:00:00,2020-8-20,0:00:00,163.85,136.16,-27.69,18,294930,-49842,323.52,11076459,
SZSE.300122,平多止损,2020-8-21,0:00:00,2020-9-4,0:00:00,138.95,137.06,-1.89,21,291795,-3969,379.93,11072490,
SZSE.300122,平多收益,2020-9-9,0:00:00,2020-9-11,0:00:00,117.36,125.07,7.71,25,293400,19275,412.73,11091765,
SZSE.300122,平多收益,2020-9-14,0:00:00,2020-9-15,0:00:00,124.81,127.73,2.92,24,299544,7008,404.65,11098773,
SZSE.300059,平多收益,2020-7-17,0:00:00,2020-7-22,0:00:00,24.64,26.69,2.05,121,298144,24805,426.29,11123578,
SZSE.300059,平多收益,2020-7-24,0:00:00,2020-7-29,0:00:00,25.01,26.71,1.7,119,297619,20230,419.56,11143808,
SZSE.300059,平多收益,2020-8-11,0:00:00,2020-8-25,0:00:00,25.19,26.45,1.26,119,299761,14994,415.48,11158802,
SZSE.300059,平多止损,2020-9-7,0:00:00,2020-9-15,0:00:00,24.6,23.71,-0.89,121,297660,-10769,378.7,11148033,
SZSE.002812,平多收益,2020-7-24,0:00:00,2020-7-30,0:00:00,69.57,73.99,4.42,43,299151,19006,419.97,11167039,
SZSE.002812,平多收益,2020-8-19,0:00:00,2020-8-28,0:00:00,75.78,80.5,4.72,39,295542,18408,414.41,11185447,
SZSE.002812,平多收益,2020-9-9,0:00:00,2020-9-14,0:00:00,78.01,85.42,7.41,38,296438,28158,428.47,11213605,
SZSE.002594,平多收益,2020-7-17,0:00:00,2020-7-20,0:00:00,81.59,87.17,5.58,36,293724,20088,414.23,11233693,
SZSE.002594,平多收益,2020-7-24,0:00:00,2020-8-4,0:00:00,83,89,6,36,298800,21600,422.93,11255293,
SZSE.002594,平多止损,2020-8-10,0:00:00,2020-8-24,0:00:00,81.98,81.44,-0.54,36,295128,-1944,387,11253349,
SZSE.002475,平多收益,2020-7-24,0:00:00,2020-7-28,0:00:00,53.1,55.95,2.85,56,297360,15960,413.58,11269309,
SZSE.002475,平多止损,2020-8-7,0:00:00,2020-8-21,0:00:00,53.65,53.62,-0.03,55,295075,-165,389.28,11269144,
SZSE.002475,平多收益,2020-9-7,0:00:00,2020-9-11,0:00:00,52.29,55.95,3.66,57,298053,20862,420.97,11290006,
SZSE.002352,平多收益,2020-8-12,0:00:00,2020-8-18,0:00:00,64.56,68.64,4.08,46,296976,18768,416.78,11308774,
SZSE.002352,平多收益,2020-9-9,0:00:00,2020-9-15,0:00:00,77.3,80.95,3.65,38,293740,13870,406.05,11322644,
SZSE.002027,平多收益,2020-8-7,0:00:00,2020-8-10,0:00:00,5.82,6.13,0.31,515,299730,15965,416.72,11338609,
SZSE.002027,平多收益,2020-9-9,0:00:00,2020-9-15,0:00:00,6.96,7.57,0.61,431,299976,26291,430.67,11364900,
SZSE.000917,平多收益,2020-7-23,0:00:00,2020-8-6,0:00:00,7.06,7.18,0.12,424,299344,5088,401.85,11369988,
SZSE.000917,平多止损,2020-8-25,0:00:00,2020-9-8,0:00:00,6.65,6.53,-0.12,451,299915,-5412,388.74,11364576,
SZSE.000858,平多收益,2020-7-24,0:00:00,2020-7-28,0:00:00,201.39,214,12.61,14,281946,17654,395.47,11382230,
SZSE.000858,平多收益,2020-9-9,0:00:00,2020-9-11,0:00:00,217,227.88,10.88,13,282100,14144,391.04,11396374,
SZSE.000776,平多收益,2020-7-17,0:00:00,2020-7-31,0:00:00,15.34,15.6,0.26,195,299130,5070,401.54,11401444,
SZSE.000725,平多收益,2020-7-17,0:00:00,2020-7-21,0:00:00,4.63,4.94,0.31,647,299561,20057,421.9,11421501,
SZSE.000725,平多收益,2020-7-23,0:00:00,2020-8-6,0:00:00,4.78,4.93,0.15,627,299706,9405,408.03,11430906,
SZSE.000725,平多收益,2020-9-10,0:00:00,2020-9-15,0:00:00,5.09,5.22,0.13,589,299801,7657,405.84,11438563,
SZSE.000568,平多收益,2020-7-17,0:00:00,2020-7-23,0:00:00,114.01,120,5.99,26,296426,15574,411.84,11454137,
SZSE.000568,平多止损,2020-7-24,0:00:00,2020-8-7,0:00:00,113.98,111,-2.98,26,296348,-7748,380.95,11446389,
SZSE.000568,平多收益,2020-9-9,0:00:00,2020-9-11,0:00:00,138.41,146,7.59,21,290661,15939,404.71,11462328,
SZSE.000002,平多止损,2020-7-17,0:00:00,2020-7-31,0:00:00,27.23,26.84,-0.39,110,299530,-4290,389.72,11458038,
SZSE.000001,平多止损,2020-7-23,0:00:00,2020-8-6,0:00:00,14.01,13.9,-0.11,214,299814,-2354,392.65,11455684,
SSE.603288,平多止损,2020-9-4,0:00:00,2020-9-15,0:00:00,170.79,162.4,-8.39,17,290343,-14263,364.43,11441421,
SSE.601985,平多收益,2020-7-28,0:00:00,2020-8-11,0:00:00,4.29,4.58,0.29,699,299871,20271,422.59,11461692,
SSE.601939,平多止损,2020-7-17,0:00:00,2020-7-31,0:00:00,6.29,6.12,-0.17,476,299404,-8092,384.53,11453600,
SSE.601888,平多止损,2020-8-10,0:00:00,2020-8-24,0:00:00,213.7,203.52,-10.18,14,299180,-14252,376.1,11439348,
SSE.601888,平多收益,2020-9-8,0:00:00,2020-9-15,0:00:00,204.2,222.58,18.38,14,285880,25732,411.33,11465080,
SSE.601398,平多止损,2020-7-17,0:00:00,2020-7-31,0:00:00,5.06,4.96,-0.1,592,299552,-5920,387.59,11459160,
SSE.601318,平多收益,2020-7-17,0:00:00,2020-7-20,0:00:00,78.02,82.8,4.78,38,296476,18164,415.32,11477324,
SSE.601318,平多止损,2020-7-24,0:00:00,2020-8-7,0:00:00,77,76.33,-0.67,38,292600,-2546,382.87,11474778,
SSE.601166,平多止损,2020-7-17,0:00:00,2020-7-31,0:00:00,16.09,15.66,-0.43,186,299274,-7998,384.48,11466780,
SSE.601088,平多止损,2020-7-24,0:00:00,2020-8-7,0:00:00,15.48,15.36,-0.12,193,298764,-2316,391.31,11464464,
SSE.600900,平多止损,2020-7-24,0:00:00,2020-8-7,0:00:00,18.2,18.08,-0.12,164,298480,-1968,391.4,11462496,
SSE.600887,平多收益,2020-8-13,0:00:00,2020-8-27,0:00:00,34.84,36.9,2.06,86,299624,17716,418.89,11480212,
SSE.600519,平多收益,2020-7-24,0:00:00,2020-7-30,0:00:00,1595.3,1680,84.7,1,159530,8470,221.76,11488682,
SSE.600436,平多收益,2020-9-9,0:00:00,2020-9-10,0:00:00,227.55,242.41,14.86,13,295815,19318,415.98,11508000,
SSE.600276,平多止损,2020-7-24,0:00:00,2020-8-7,0:00:00,94.79,91.2,-3.59,31,293849,-11129,373.19,11496871,
SSE.600048,平多止损,2020-7-17,0:00:00,2020-7-31,0:00:00,16.07,15.6,-0.47,186,298902,-8742,383.01,11488129,
SSE.600036,平多止损,2020-7-17,0:00:00,2020-7-31,0:00:00,36.08,34.8,-1.28,83,299464,-10624,381.27,11477505,
SSE.600000,平多止损,2020-7-23,0:00:00,2020-8-6,0:00:00,10.84,10.53,-0.31,276,299184,-8556,383.63,11468949,
SZSE.300498,平多止损,2020-9-17,0:00:00,2020-10-9,0:00:00,20.83,19.66,-1.17,144,299952,-16848,373.7,11452101,
SZSE.300498,平多收益,2020-10-26,0:00:00,2020-11-9,0:00:00,18.88,18.94,0.06,158,298304,948,395.01,11453049,
SZSE.300122,平多收益,2020-10-23,0:00:00,2020-10-29,0:00:00,143.7,161.11,17.41,20,287400,34820,425.33,11487869,
SZSE.300122,平多止损,2020-11-10,0:00:00,2020-11-24,0:00:00,145.48,123.46,-22.02,20,290960,-44040,325.93,11443829,
SZSE.300059,平多收益,2020-9-17,0:00:00,2020-9-18,0:00:00,23.47,25,1.53,127,298069,19431,419.1,11463260,
SZSE.300059,平多收益,2020-10-26,0:00:00,2020-11-9,0:00:00,24.33,26.92,2.59,123,299259,31857,437.07,11495117,
SZSE.002594,平多收益,2020-11-16,0:00:00,2020-11-23,0:00:00,170.02,184.2,14.18,17,289034,24106,413.34,11519223,
SZSE.002475,平多收益,2020-10-23,0:00:00,2020-11-6,0:00:00,56.75,59.05,2.3,52,295100,11960,405.32,11531183,
SZSE.002475,平多止损,2020-11-16,0:00:00,2020-11-24,0:00:00,52.79,50.97,-1.82,56,295624,-10192,376.77,11520991,
SZSE.002352,平多收益,2020-9-21,0:00:00,2020-9-30,0:00:00,77.18,81.2,4.02,38,293284,15276,407.3,11536267,
SZSE.002352,平多收益,2020-10-30,0:00:00,2020-11-4,0:00:00,82.8,89.2,6.4,36,298080,23040,423.88,11559307,
SZSE.002352,平多止损,2020-11-11,0:00:00,2020-11-24,0:00:00,80.4,78.15,-2.25,37,297480,-8325,381.68,11550982,
SZSE.000917,平多止损,2020-10-15,0:00:00,2020-10-29,0:00:00,5.69,5.26,-0.43,527,299863,-22661,365.91,11528321,
SZSE.000917,平多收益,2020-10-30,0:00:00,2020-11-9,0:00:00,5.14,5.4,0.26,583,299662,15158,415.56,11543479,
SZSE.000725,平多收益,2020-9-21,0:00:00,2020-10-13,0:00:00,5.13,5.17,0.04,584,299592,2336,398.54,11545815,
SZSE.000725,平多收益,2020-10-19,0:00:00,2020-11-2,0:00:00,4.85,4.97,0.12,618,299730,7416,405.43,11553231,
SSE.603288,平多收益,2020-9-17,0:00:00,2020-10-9,0:00:00,157.67,163.09,5.42,19,299573,10298,409.03,11563529,
SSE.601888,平多止损,2020-10-9,0:00:00,2020-10-23,0:00:00,204.1,193.06,-11.04,14,285740,-15456,356.77,11548073,
SSE.601888,平多收益,2020-10-26,0:00:00,2020-10-28,0:00:00,185.68,198.41,12.73,16,297088,20368,419.04,11568441,
SSE.601888,平多收益,2020-11-10,0:00:00,2020-11-12,0:00:00,185.27,196.15,10.88,16,296432,17408,414.27,11585849,
SSE.601888,平多收益,2020-11-17,0:00:00,2020-11-24,0:00:00,181,193.39,12.39,16,289600,19824,408.44,11605673,
SSE.600900,平多止损,2020-9-25,0:00:00,2020-10-19,0:00:00,18.86,18.82,-0.04,159,299874,-636,394.99,11605037,
SSE.600887,平多收益,2020-9-17,0:00:00,2020-10-9,0:00:00,38.16,40.3,2.14,78,297648,16692,414.93,11621729,
SSE.600887,平多止损,2020-10-30,0:00:00,2020-11-13,0:00:00,39.73,38.32,-1.41,75,297975,-10575,379.37,11611154,
SSE.600585,平多收益,2020-10-26,0:00:00,2020-11-5,0:00:00,51.97,54.61,2.64,57,296229,15048,410.89,11626202,
SSE.600436,平多收益,2020-9-22,0:00:00,2020-10-12,0:00:00,234.9,251.66,16.76,12,281880,20112,398.63,11646314,
SSE.600436,平多收益,2020-10-26,0:00:00,2020-11-9,0:00:00,224.29,231.32,7.03,13,291577,9139,396.95,11655453,
SSE.600276,平多收益,2020-9-17,0:00:00,2020-10-9,0:00:00,86.29,91.95,5.66,34,293386,19244,412.67,11674697,
SSE.600048,平多收益,2020-9-25,0:00:00,2020-10-19,0:00:00,15.89,16.29,0.4,188,298732,7520,404.25,11682217,
SSE.600031,平多收益,2020-10-23,0:00:00,2020-10-29,0:00:00,24.78,26.12,1.34,121,299838,16214,417.19,11698431,
SZSE.300122,平多收益,2020-11-26,0:00:00,2020-11-30,0:00:00,118.43,124.91,6.48,25,296075,16200,412.2,11714631,
SZSE.300122,平多收益,2021-1-5,0:00:00,2021-1-6,0:00:00,139.78,151.1,11.32,21,293538,23772,418.85,11738403,
SZSE.300122,平多收益,2021-1-19,0:00:00,2021-1-20,0:00:00,132.3,142.1,9.8,22,291060,21560,412.66,11759963,
SZSE.300059,平多收益,2020-12-16,0:00:00,2020-12-21,0:00:00,26.15,27.59,1.44,114,298110,16416,415.17,11776379,
SZSE.002812,平多收益,2021-1-11,0:00:00,2021-1-25,0:00:00,136.8,142.9,6.1,21,287280,12810,396.12,11789189,
SZSE.002475,平多收益,2020-11-26,0:00:00,2020-12-7,0:00:00,50.18,52.77,2.59,59,296062,15281,410.97,11804470,
SZSE.002475,平多止损,2021-1-26,0:00:00,2021-1-26,0:00:00,52.78,52.78,0,56,295568,0,390.15,11804470,
SZSE.000917,平多止损,2021-1-6,0:00:00,2021-1-20,0:00:00,4.61,4.45,-0.16,650,299650,-10400,381.81,11794070,
SZSE.000858,平多收益,2021-1-15,0:00:00,2021-1-25,0:00:00,287.7,315.69,27.99,10,287700,27990,416.71,11822060,
SZSE.000725,平多收益,2020-12-11,0:00:00,2020-12-21,0:00:00,5.08,5.4,0.32,590,299720,18880,420.55,11840940,
SZSE.000568,平多收益,2021-1-19,0:00:00,2021-1-25,0:00:00,229.87,263,33.13,13,298831,43069,451.31,11884009,
SSE.601939,平多止损,2020-12-11,0:00:00,2020-12-25,0:00:00,6.49,6.27,-0.22,462,299838,-10164,382.37,11873845,
SSE.601919,平多收益,2020-12-7,0:00:00,2020-12-17,0:00:00,9.43,10.12,0.69,318,299874,21942,424.8,11895787,
SSE.601919,平多收益,2021-1-19,0:00:00,2021-1-22,0:00:00,14.08,15.4,1.32,213,299904,28116,432.99,11923903,
SSE.601919,平多止损,2021-1-26,0:00:00,2021-1-26,0:00:00,14.1,14.1,0,212,298920,0,394.57,11923903,
SSE.601888,平多收益,2021-1-18,0:00:00,2021-1-25,0:00:00,274.2,308,33.8,10,274200,33800,406.56,11957703,
SSE.601088,平多收益,2020-12-14,0:00:00,2020-12-18,0:00:00,17.45,19.07,1.62,171,298395,27702,430.45,11985405,
SSE.600887,平多收益,2021-1-19,0:00:00,2021-1-25,0:00:00,46.14,48.83,2.69,65,299910,17485,418.96,12002890,
SZSE.300122,平多收益,2021-2-23,0:00:00,2021-3-1,0:00:00,173.5,186.01,12.51,17,294950,21267,417.41,12024157,
SZSE.300122,平多收益,2021-3-4,0:00:00,2021-3-18,0:00:00,171.9,175.8,3.9,17,292230,6630,394.5,12030787,
SZSE.300059,平多收益,2021-1-29,0:00:00,2021-2-9,0:00:00,35.2,38.16,2.96,85,299200,25160,428.16,12055947,
SZSE.300059,平多止损,2021-2-22,0:00:00,2021-3-8,0:00:00,33.63,28.81,-4.82,89,299307,-42898,338.46,12013049,
SZSE.300059,平多止损,2021-3-9,0:00:00,2021-3-23,0:00:00,27.53,27.15,-0.38,108,297324,-4104,387.05,12008945,
SZSE.002812,平多止损,2021-2-19,0:00:00,2021-3-5,0:00:00,123.16,108.12,-15.04,24,295584,-36096,342.52,11972849,
SZSE.002812,平多收益,2021-3-24,0:00:00,2021-3-26,0:00:00,107.6,114.31,6.71,27,290520,18117,407.4,11990966,
SZSE.002594,平多止损,2021-2-23,0:00:00,2021-3-9,0:00:00,225,170.68,-54.32,13,292500,-70616,292.89,11920350,
SZSE.002594,平多止损,2021-3-10,0:00:00,2021-3-24,0:00:00,177.19,162.74,-14.45,16,283504,-23120,343.71,11897230,
SZSE.002594,平多收益,2021-3-25,0:00:00,2021-3-26,0:00:00,161.2,170.99,9.79,18,290160,17622,406.27,11914852,
SZSE.002475,平多收益,2021-1-28,0:00:00,2021-1-29,0:00:00,50.35,53.1,2.75,59,297065,16225,413.54,11931077,
SZSE.002475,平多收益,2021-2-4,0:00:00,2021-2-10,0:00:00,49,52.78,3.78,61,298900,23058,424.98,11954135,
SZSE.002475,平多止损,2021-2-24,0:00:00,2021-3-10,0:00:00,47.6,43.43,-4.17,63,299880,-26271,361.16,11927864,
SZSE.002475,平多止损,2021-3-11,0:00:00,2021-3-25,0:00:00,42.15,32.89,-9.26,71,299265,-65746,308.25,11862118,
SZSE.002475,平多收益,2021-3-29,0:00:00,2021-4-2,0:00:00,33.75,35.73,1.98,88,297000,17424,415.04,11879542,
SZSE.002352,平多止损,2021-2-24,0:00:00,2021-3-10,0:00:00,103.81,91.91,-11.9,28,290668,-33320,339.7,11846222,
SZSE.002352,平多止损,2021-3-15,0:00:00,2021-3-29,0:00:00,89.46,82.08,-7.38,33,295218,-24354,357.54,11821868,
SZSE.002352,平多收益,2021-3-31,0:00:00,2021-4-6,0:00:00,81.02,82.29,1.27,37,299774,4699,401.9,11826567,
SZSE.002027,平多止损,2021-2-23,0:00:00,2021-3-9,0:00:00,11.2,10.1,-1.1,267,299040,-29370,355.96,11797197,
SZSE.002027,平多收益,2021-3-11,0:00:00,2021-3-17,0:00:00,9.85,10.37,0.52,304,299440,15808,416.13,11813005,
SZSE.002027,平多收益,2021-3-31,0:00:00,2021-4-6,0:00:00,9.28,9.3,0.02,323,299744,646,396.51,11813651,
SZSE.000917,平多收益,2021-2-3,0:00:00,2021-2-18,0:00:00,4.04,4.29,0.25,742,299768,18550,420.18,11832201,
SZSE.000858,平多止损,2021-2-24,0:00:00,2021-3-10,0:00:00,293.08,252.6,-40.48,10,293080,-40480,333.43,11791721,
SZSE.000776,平多收益,2021-2-5,0:00:00,2021-2-19,0:00:00,15.39,16.85,1.46,194,298566,28324,431.49,11820045,
SZSE.000725,平多收益,2021-1-29,0:00:00,2021-2-19,0:00:00,6.18,6.27,0.09,485,299730,4365,401.41,11824410,
SZSE.000568,平多止损,2021-2-24,0:00:00,2021-3-10,0:00:00,247.01,195.89,-51.12,12,296412,-61344,310.29,11763066,
SZSE.000568,平多收益,2021-3-15,0:00:00,2021-3-17,0:00:00,196,210.05,14.05,15,294000,21075,415.9,11784141,
SZSE.000002,平多收益,2021-1-29,0:00:00,2021-2-18,0:00:00,27.79,30.01,2.22,107,297353,23754,423.86,11807895,
SZSE.000001,平多止损,2021-2-23,0:00:00,2021-3-9,0:00:00,21.93,20.85,-1.08,136,298248,-14688,374.3,11793207,
SZSE.000001,平多收益,2021-3-10,0:00:00,2021-3-12,0:00:00,20.4,21.48,1.08,147,299880,15876,416.8,11809083,
SSE.603288,平多止损,2021-2-22,0:00:00,2021-3-8,0:00:00,183.03,158.55,-24.48,16,292848,-39168,334.86,11769915,
SSE.603288,平多止损,2021-3-9,0:00:00,2021-3-23,0:00:00,153.67,148.5,-5.17,19,291973,-9823,372.44,11760092,
SSE.601919,平多止损,2021-1-28,0:00:00,2021-2-18,0:00:00,13.03,11.9,-1.13,230,299690,-25990,361.28,11734102,
SSE.601919,平多收益,2021-3-4,0:00:00,2021-3-16,0:00:00,10.8,11.41,0.61,277,299160,16897,417.2,11750999,
SSE.601888,平多止损,2021-2-24,0:00:00,2021-3-10,0:00:00,314.63,299.62,-15.01,9,283167,-13509,355.95,11737490,
SSE.601318,平多收益,2021-2-3,0:00:00,2021-2-18,0:00:00,76.54,82.38,5.84,39,298506,22776,424.09,11760266,
SSE.601166,平多止损,2021-3-8,0:00:00,2021-3-22,0:00:00,23.77,23.63,-0.14,126,299502,-1764,393.01,11758502,
SSE.601088,平多收益,2021-2-3,0:00:00,2021-2-19,0:00:00,16.77,18.11,1.34,178,298506,23852,425.51,11782354,
SSE.600887,平多收益,2021-2-3,0:00:00,2021-2-8,0:00:00,43.28,45.72,2.44,69,298632,16836,416.42,11799190,
SSE.600887,平多止损,2021-3-4,0:00:00,2021-3-18,0:00:00,41.5,40.15,-1.35,72,298800,-9720,381.59,11789470,
SSE.600585,平多收益,2021-1-28,0:00:00,2021-2-18,0:00:00,50.8,51.95,1.15,59,299720,6785,404.59,11796255,
SSE.600519,平多止损,2021-2-24,0:00:00,2021-3-10,0:00:00,2189,1970.01,-218.99,1,218900,-21899,260.04,11774356,
SSE.600436,平多止损,2021-2-24,0:00:00,2021-3-10,0:00:00,318.01,256.76,-61.25,9,286209,-55125,305.03,11719231,
SSE.600276,平多止损,2021-3-8,0:00:00,2021-3-22,0:00:00,92.12,88.11,-4.01,32,294784,-12832,372.18,11706399,
SSE.600048,平多收益,2021-1-28,0:00:00,2021-2-18,0:00:00,14.05,14.36,0.31,213,299265,6603,403.75,11713002,
SSE.600036,平多收益,2021-3-9,0:00:00,2021-3-11,0:00:00,48.5,51.97,3.47,61,295850,21167,418.46,11734169,
SSE.600031,平多收益,2021-2-26,0:00:00,2021-3-1,0:00:00,41.11,44.25,3.14,72,295992,22608,420.55,11756777,
SSE.600031,平多止损,2021-3-4,0:00:00,2021-3-18,0:00:00,40.99,37,-3.99,73,299227,-29127,356.53,11727650,
SZSE.300498,平多止损,2021-4-27,0:00:00,2021-5-14,0:00:00,14.21,14.13,-0.08,211,299831,-1688,393.55,11725962,
SZSE.300122,平多止损,2021-5-21,0:00:00,2021-6-4,0:00:00,198.05,177.59,-20.46,15,297075,-30690,351.63,11695272,
SZSE.300059,平多止损,2021-5-27,0:00:00,2021-6-10,0:00:00,31.42,31.29,-0.13,95,298490,-1235,392.38,11694037,
SZSE.002594,平多收益,2021-4-30,0:00:00,2021-5-19,0:00:00,158.57,172.78,14.21,18,285426,25578,410.53,11719615,
SZSE.002475,平多收益,2021-5-10,0:00:00,2021-5-24,0:00:00,34.52,36.8,2.28,86,296872,19608,417.75,11739223,
SZSE.002352,平多止损,2021-4-9,0:00:00,2021-4-23,0:00:00,72.72,65.53,-7.19,41,298152,-29479,354.65,11709744,
SZSE.002027,平多收益,2021-4-13,0:00:00,2021-4-19,0:00:00,9.06,9.72,0.66,331,299886,21846,424.69,11731590,
SZSE.002027,平多止损,2021-6-3,0:00:00,2021-6-10,0:00:00,9.76,9.73,-0.03,307,299632,-921,394.3,11730669,
SZSE.000917,平多收益,2021-4-29,0:00:00,2021-5-11,0:00:00,4.86,5.3,0.44,617,299862,27148,431.65,11757817,
SZSE.000858,平多收益,2021-4-15,0:00:00,2021-4-21,0:00:00,255.8,270.85,15.05,11,281380,16555,393.27,11774372,
SZSE.000725,平多收益,2021-5-7,0:00:00,2021-5-21,0:00:00,6.61,6.63,0.02,453,299433,906,396.45,11775278,
SZSE.000568,平多收益,2021-5-10,0:00:00,2021-5-12,0:00:00,226.03,243.3,17.27,13,293839,22451,417.5,11797729,
SSE.603288,平多收益,2021-5-17,0:00:00,2021-5-31,0:00:00,136.45,137.26,0.81,21,286545,1701,380.48,11799430,
SSE.601888,平多收益,2021-4-12,0:00:00,2021-4-26,0:00:00,295.39,298.44,3.05,10,295390,3050,393.94,11802480,
SSE.601166,平多收益,2021-4-15,0:00:00,2021-4-21,0:00:00,20.85,22,1.15,143,298155,16445,415.27,11818925,
SSE.600887,平多收益,2021-5-10,0:00:00,2021-5-17,0:00:00,37.53,39.66,2.13,79,296487,16827,413.57,11835752,
SSE.600519,平多收益,2021-5-10,0:00:00,2021-5-12,0:00:00,1879.03,1984,104.97,1,187903,10497,261.89,11846249,
SSE.600276,平多收益,2021-4-15,0:00:00,2021-4-29,0:00:00,82.18,82.35,0.17,36,295848,612,391.33,11846861,
SSE.600276,平多止损,2021-6-10,0:00:00,2021-6-10,0:00:00,73,73,0,41,299300,0,395.08,11846861,
SSE.600031,平多收益,2021-4-12,0:00:00,2021-4-19,0:00:00,31.21,32.9,1.69,96,299616,16224,416.91,11863085,
SSE.600031,平多收益,2021-5-11,0:00:00,2021-5-25,0:00:00,29,29.8,0.8,103,298700,8240,405.16,11871325,
SZSE.300498,平多收益,2021-7-19,0:00:00,2021-8-2,0:00:00,12.8,13.29,0.49,234,299520,11466,410.5,11882791,
SZSE.300122,平多收益,2021-6-17,0:00:00,2021-6-28,0:00:00,178.9,187.85,8.95,16,286240,14320,396.74,11897111,
SZSE.300122,平多收益,2021-7-6,0:00:00,2021-7-8,0:00:00,172.01,182.05,10.04,17,292417,17068,408.52,11914179,
SZSE.300122,平多止损,2021-7-23,0:00:00,2021-8-6,0:00:00,171.1,170,-1.1,17,290870,-1870,381.48,11912309,
SZSE.300059,平多收益,2021-6-16,0:00:00,2021-6-21,0:00:00,28.83,30.62,1.79,104,299832,18616,420.35,11930925,
SZSE.300059,平多收益,2021-7-2,0:00:00,2021-7-9,0:00:00,29.72,31.49,1.77,100,297200,17700,415.67,11948625,
SZSE.300059,平多收益,2021-7-27,0:00:00,2021-8-2,0:00:00,30.98,33.03,2.05,96,297408,19680,418.56,11968305,
SZSE.002812,平多收益,2021-7-19,0:00:00,2021-7-20,0:00:00,237.5,258.12,20.62,12,285000,24744,408.86,11993049,
SZSE.002812,平多收益,2021-7-27,0:00:00,2021-7-29,0:00:00,245,263.33,18.33,12,294000,21996,417.11,12015045,
SZSE.002812,平多止损,2021-8-12,0:00:00,2021-8-12,0:00:00,259.26,259.26,0,11,285186,0,376.45,12015045,
SZSE.002594,平多收益,2021-7-15,0:00:00,2021-7-22,0:00:00,236.4,248.96,12.56,12,283680,15072,394.35,12030117,
SZSE.002475,平多止损,2021-7-13,0:00:00,2021-7-27,0:00:00,43.06,38.63,-4.43,69,297114,-30567,351.84,11999550,
SZSE.002475,平多收益,2021-7-28,0:00:00,2021-8-4,0:00:00,37.69,41.54,3.85,79,297751,30415,433.18,12029965,
SZSE.002352,平多止损,2021-6-15,0:00:00,2021-6-29,0:00:00,69.51,67.44,-2.07,43,298893,-8901,382.79,12021064,
SZSE.002352,平多止损,2021-7-5,0:00:00,2021-7-19,0:00:00,65.48,63.25,-2.23,45,294660,-10035,375.7,12011029,
SZSE.002352,平多止损,2021-7-21,0:00:00,2021-8-4,0:00:00,61.88,61.1,-0.78,48,297024,-3744,387.13,12007285,
SZSE.002027,平多收益,2021-6-15,0:00:00,2021-6-29,0:00:00,9.38,9.43,0.05,319,299222,1595,397.08,12008880,
SZSE.002027,平多止损,2021-7-5,0:00:00,2021-7-19,0:00:00,8.54,8.23,-0.31,351,299754,-10881,381.31,11997999,
SZSE.002027,平多收益,2021-7-27,0:00:00,2021-7-29,0:00:00,7.25,7.7,0.45,413,299425,18585,419.77,12016584,
SZSE.002027,平多收益,2021-7-30,0:00:00,2021-8-9,0:00:00,7.5,7.9,0.4,400,300000,16000,417.12,12032584,
SZSE.000858,平多止损,2021-7-5,0:00:00,2021-7-19,0:00:00,281.1,280.89,-0.21,10,281100,-210,370.77,12032374,
SZSE.000858,平多止损,2021-7-26,0:00:00,2021-8-9,0:00:00,249.54,230.01,-19.53,12,299448,-23436,364.34,12008938,
SZSE.000725,平多止损,2021-7-26,0:00:00,2021-8-9,0:00:00,5.94,5.87,-0.07,505,299970,-3535,391.29,12005403,
SZSE.000568,平多止损,2021-6-15,0:00:00,2021-6-29,0:00:00,249.86,228.15,-21.71,12,299832,-26052,361.39,11979351,
SZSE.000568,平多收益,2021-7-9,0:00:00,2021-7-15,0:00:00,216.51,228.11,11.6,13,281463,15080,391.44,11994431,
SZSE.000568,平多止损,2021-7-26,0:00:00,2021-8-9,0:00:00,199.68,179.7,-19.98,15,299520,-29970,355.81,11964461,
SZSE.000002,平多止损,2021-6-15,0:00:00,2021-6-29,0:00:00,24.76,23.8,-0.96,121,299596,-11616,380.13,11952845,
SZSE.000002,平多收益,2021-7-26,0:00:00,2021-8-9,0:00:00,21.36,22.28,0.92,140,299040,12880,411.73,11965725,
SZSE.000001,平多止损,2021-6-18,0:00:00,2021-7-2,0:00:00,22.65,21.81,-0.84,132,298980,-11088,380.02,11954637,
SZSE.000001,平多止损,2021-7-9,0:00:00,2021-7-23,0:00:00,21.27,20.1,-1.17,141,299907,-16497,374.1,11938140,
SZSE.000001,平多收益,2021-7-26,0:00:00,2021-8-9,0:00:00,18.8,19.06,0.26,159,298920,4134,400.03,11942274,
SSE.603288,平多收益,2021-7-5,0:00:00,2021-7-15,0:00:00,121.15,128.49,7.34,24,290760,17616,407.06,11959890,
SSE.603288,平多收益,2021-7-26,0:00:00,2021-8-9,0:00:00,116.04,121.06,5.02,25,290100,12550,399.5,11972440,
SSE.601985,平多收益,2021-7-16,0:00:00,2021-7-30,0:00:00,4.75,4.8,0.05,631,299725,3155,399.8,11975595,
SSE.601939,平多止损,2021-7-15,0:00:00,2021-7-29,0:00:00,6.06,5.82,-0.24,495,299970,-11880,380.28,11963715,
SSE.601919,平多止损,2021-7-14,0:00:00,2021-7-28,0:00:00,23.16,18.18,-4.98,129,298764,-64242,309.57,11899473,
SSE.601919,平多收益,2021-7-29,0:00:00,2021-8-3,0:00:00,18.17,20.2,2.03,165,299805,33495,439.96,11932968,
SSE.601888,平多收益,2021-6-15,0:00:00,2021-6-29,0:00:00,297.68,301.75,4.07,10,297680,4070,398.31,11937038,
SSE.601888,平多止损,2021-7-2,0:00:00,2021-7-16,0:00:00,281.09,275,-6.09,10,281090,-6090,363,11930948,
SSE.601888,平多止损,2021-7-26,0:00:00,2021-8-9,0:00:00,262.98,260.4,-2.58,11,289278,-2838,378.1,11928110,
SSE.601398,平多止损,2021-7-12,0:00:00,2021-7-26,0:00:00,4.77,4.67,-0.1,628,299556,-6280,387.12,11921830,
SSE.601318,平多止损,2021-6-15,0:00:00,2021-6-29,0:00:00,67.07,64.38,-2.69,44,295108,-11836,373.92,11909994,
SSE.601318,平多止损,2021-7-8,0:00:00,2021-7-22,0:00:00,60.78,58.54,-2.24,49,297822,-10976,378.64,11899018,
SSE.601318,平多收益,2021-7-26,0:00:00,2021-8-9,0:00:00,54.5,55.12,0.62,55,299750,3410,400.17,11902428,
SSE.601166,平多止损,2021-6-15,0:00:00,2021-6-29,0:00:00,20.92,19.68,-1.24,143,299156,-17732,371.48,11884696,
SSE.601166,平多止损,2021-7-21,0:00:00,2021-8-4,0:00:00,19.73,17.4,-2.33,152,299896,-35416,349.11,11849280,
SSE.601166,平多收益,2021-8-5,0:00:00,2021-8-10,0:00:00,17.41,18.66,1.25,172,299452,21500,423.66,11870780,
SSE.601088,平多止损,2021-7-12,0:00:00,2021-7-26,0:00:00,17.62,17.27,-0.35,170,299540,-5950,387.54,11864830,
SSE.600900,平多收益,2021-7-27,0:00:00,2021-8-9,0:00:00,18.33,19.35,1.02,163,298779,16626,416.33,11881456,
SSE.600887,平多收益,2021-7-8,0:00:00,2021-7-22,0:00:00,34.21,35.06,0.85,87,297627,7395,402.63,11888851,
SSE.600887,平多收益,2021-7-27,0:00:00,2021-7-30,0:00:00,31.46,33.39,1.93,95,298870,18335,418.71,11907186,
SSE.600585,平多止损,2021-6-17,0:00:00,2021-7-1,0:00:00,43.89,41.64,-2.25,68,298452,-15300,373.76,11891886,
SSE.600585,平多止损,2021-7-2,0:00:00,2021-7-16,0:00:00,40.33,38.65,-1.68,74,298442,-12432,377.53,11879454,
SSE.600585,平多收益,2021-7-27,0:00:00,2021-8-2,0:00:00,35.52,38.86,3.34,84,298368,28056,430.88,11907510,
SSE.600519,平多止损,2021-6-21,0:00:00,2021-7-5,0:00:00,2081.64,1994,-87.64,1,208164,-8764,263.21,11898746,
SSE.600519,平多止损,2021-7-26,0:00:00,2021-8-9,0:00:00,1804.11,1693.8,-110.31,1,180411,-11031,223.58,11887715,
SSE.600436,平多止损,2021-7-23,0:00:00,2021-8-6,0:00:00,416.6,376.01,-40.59,7,291620,-28413,347.43,11859302,
SSE.600276,平多止损,2021-6-15,0:00:00,2021-6-29,0:00:00,71.88,68.2,-3.68,41,294708,-15088,369.1,11844214,
SSE.600276,平多止损,2021-7-5,0:00:00,2021-7-19,0:00:00,62.95,60.96,-1.99,47,295865,-9353,378.2,11834861,
SSE.600276,平多收益,2021-7-27,0:00:00,2021-8-3,0:00:00,54.5,57.4,2.9,55,299750,15950,416.72,11850811,
SSE.600276,平多止损,2021-8-4,0:00:00,2021-8-12,0:00:00,56.33,55.8,-0.53,53,298549,-2809,390.38,11848002,
SSE.600048,平多收益,2021-6-22,0:00:00,2021-7-6,0:00:00,12.3,12.31,0.01,243,298890,243,394.86,11848245,
SSE.600048,平多止损,2021-7-21,0:00:00,2021-8-4,0:00:00,11.21,9.99,-1.22,267,299307,-32574,352.09,11815671,
SSE.600036,平多止损,2021-7-8,0:00:00,2021-7-22,0:00:00,50.35,50.25,-0.1,59,297065,-590,391.35,11815081,
SSE.600036,平多收益,2021-7-27,0:00:00,2021-8-9,0:00:00,46.17,49.06,2.89,64,295488,18496,414.46,11833577,
SSE.600031,平多止损,2021-6-15,0:00:00,2021-6-29,0:00:00,28.1,27.87,-0.23,106,297860,-2438,389.96,11831139,
SSE.600031,平多止损,2021-7-5,0:00:00,2021-7-19,0:00:00,26.12,25.34,-0.78,114,297768,-8892,381.32,11822247,
SSE.600031,平多收益,2021-7-27,0:00:00,2021-8-2,0:00:00,25.1,27.3,2.2,119,298690,26180,428.83,11848427,
SSE.600028,平多收益,2021-6-21,0:00:00,2021-7-5,0:00:00,4.29,4.3,0.01,699,299871,699,396.75,11849126,
SSE.600000,平多收益,2021-7-27,0:00:00,2021-8-10,0:00:00,9.15,9.2,0.05,327,299205,1635,397.11,11850761,
SZSE.300122,平多收益,2021-8-16,0:00:00,2021-8-23,0:00:00,157.45,166.42,8.97,19,299155,17043,417.38,11867804,
SZSE.300122,平多止损,2021-9-8,0:00:00,2021-9-24,0:00:00,159.9,159.71,-0.19,18,287820,-342,379.47,11867462,
SZSE.300122,平多收益,2021-10-8,0:00:00,2021-10-22,0:00:00,146.14,150.73,4.59,20,292280,9180,397.93,11876642,
SZSE.300059,平多收益,2021-8-17,0:00:00,2021-8-18,0:00:00,30.98,33.21,2.23,96,297408,21408,420.84,11898050,
SZSE.300059,平多收益,2021-9-27,0:00:00,2021-10-8,0:00:00,32.94,34.59,1.65,91,299754,15015,415.5,11913065,
SZSE.002812,平多收益,2021-8-16,0:00:00,2021-8-19,0:00:00,241.44,258.3,16.86,12,289728,20232,409.15,11933297,
SZSE.002812,平多收益,2021-9-3,0:00:00,2021-9-7,0:00:00,256.49,285.79,29.3,11,282139,32230,414.97,11965527,
SZSE.002812,平多收益,2021-9-28,0:00:00,2021-10-18,0:00:00,268.8,287,18.2,11,295680,20020,416.72,11985547,
SZSE.002594,平多收益,2021-8-17,0:00:00,2021-8-24,0:00:00,280.31,298.25,17.94,10,280310,17940,393.69,12003487,
SZSE.002594,平多止损,2021-9-1,0:00:00,2021-9-15,0:00:00,266.3,261.15,-5.15,11,292930,-5665,379.19,11997822,
SZSE.002594,平多收益,2021-9-16,0:00:00,2021-10-11,0:00:00,251,255.75,4.75,11,276100,5225,371.35,12003047,
SZSE.002475,平多止损,2021-8-17,0:00:00,2021-8-31,0:00:00,37.78,33.86,-3.92,79,298462,-30968,353.09,11972079,
SZSE.002475,平多收益,2021-9-1,0:00:00,2021-9-8,0:00:00,34.31,36.12,1.81,87,298497,15747,414.8,11987826,
SZSE.002475,平多收益,2021-9-22,0:00:00,2021-9-23,0:00:00,32.9,35.48,2.58,91,299390,23478,426.19,12011304,
SZSE.002352,平多止损,2021-10-20,0:00:00,2021-10-22,0:00:00,63.4,62.5,-0.9,47,297980,-4230,387.75,12007074,
SZSE.002027,平多收益,2021-8-20,0:00:00,2021-8-23,0:00:00,7.1,7.65,0.55,422,299620,23210,426.14,12030284,
SZSE.002027,平多收益,2021-8-30,0:00:00,2021-9-13,0:00:00,7.19,7.39,0.2,417,299823,8340,406.78,12038624,
SZSE.000917,平多止损,2021-9-9,0:00:00,2021-9-27,0:00:00,6.77,6.26,-0.51,443,299911,-22593,366.06,12016031,
SZSE.000917,平多收益,2021-9-29,0:00:00,2021-10-20,0:00:00,6.14,6.58,0.44,488,299632,21472,423.86,12037503,
SZSE.000858,平多止损,2021-8-19,0:00:00,2021-9-2,0:00:00,222.65,201.23,-21.42,13,289445,-27846,345.31,12009657,
SZSE.000858,平多收益,2021-9-22,0:00:00,2021-9-27,0:00:00,193.93,220.57,26.64,15,290895,39960,436.73,12049617,
SZSE.000776,平多收益,2021-8-30,0:00:00,2021-9-1,0:00:00,18.24,20.45,2.21,164,299136,36244,442.7,12085861,
SZSE.000776,平多止损,2021-9-24,0:00:00,2021-10-15,0:00:00,22.81,19.74,-3.07,131,298811,-40217,341.34,12045644,
SZSE.000776,平多收益,2021-10-18,0:00:00,2021-10-20,0:00:00,20.03,21.05,1.02,149,298447,15198,414.01,12060842,
SZSE.000725,平多止损,2021-9-22,0:00:00,2021-10-13,0:00:00,5.44,5.25,-0.19,551,299744,-10469,381.84,12050373,
SZSE.000568,平多收益,2021-8-19,0:00:00,2021-9-2,0:00:00,176.82,179.11,2.29,16,282912,3664,378.28,12054037,
SZSE.000002,平多止损,2021-8-25,0:00:00,2021-9-8,0:00:00,21.24,20.33,-0.91,141,299484,-12831,378.38,12041206,
SZSE.000002,平多收益,2021-9-16,0:00:00,2021-9-22,0:00:00,19.02,20.08,1.06,157,298614,16642,416.14,12057848,
SZSE.000002,平多收益,2021-10-20,0:00:00,2021-10-22,0:00:00,20,21.33,1.33,150,300000,19950,422.33,12077798,
SZSE.000001,平多收益,2021-8-26,0:00:00,2021-9-9,0:00:00,18.46,19,0.54,162,299052,8748,406.3,12086546,
SZSE.000001,平多收益,2021-9-17,0:00:00,2021-10-12,0:00:00,18.53,19.35,0.82,161,298333,13202,411.23,12099748,
SSE.603288,平多止损,2021-8-17,0:00:00,2021-8-31,0:00:00,111.9,94.98,-16.92,26,290940,-43992,325.97,12055756,
SSE.603288,平多止损,2021-9-1,0:00:00,2021-9-15,0:00:00,93.05,86.32,-6.73,32,297760,-21536,364.62,12034220,
SSE.601985,平多止损,2021-10-11,0:00:00,2021-10-22,0:00:00,6.91,6.47,-0.44,434,299894,-19096,370.65,12015124,
SSE.601919,平多收益,2021-9-2,0:00:00,2021-9-8,0:00:00,19.92,21.38,1.46,150,298800,21900,423.32,12037024,
SSE.601919,平多收益,2021-9-16,0:00:00,2021-9-24,0:00:00,20.45,21.49,1.04,146,298570,15184,414.16,12052208,
SSE.601919,平多止损,2021-9-27,0:00:00,2021-10-18,0:00:00,19.34,15.85,-3.49,155,299770,-54095,324.29,11998113,
SSE.601888,平多收益,2021-8-18,0:00:00,2021-9-1,0:00:00,235.72,236.29,0.57,12,282864,684,374.28,11998797,
SSE.601318,平多收益,2021-8-26,0:00:00,2021-9-9,0:00:00,50.3,51.62,1.32,59,296770,7788,402.02,12006585,
SSE.601318,平多收益,2021-9-22,0:00:00,2021-10-8,0:00:00,47.78,52.1,4.32,62,296236,26784,426.39,12033369,
SSE.601166,平多收益,2021-9-22,0:00:00,2021-10-11,0:00:00,18.12,19.36,1.24,165,298980,20460,421.66,12053829,
SSE.601088,平多收益,2021-10-8,0:00:00,2021-10-18,0:00:00,21.4,23.59,2.19,140,299600,30660,435.94,12084489,
SSE.600887,平多收益,2021-8-20,0:00:00,2021-9-1,0:00:00,33.23,36.18,2.95,90,299070,26550,429.82,12111039,
SSE.600585,平多收益,2021-8-30,0:00:00,2021-8-31,0:00:00,37.39,39.96,2.57,80,299120,20560,421.98,12131599,
SSE.600585,平多止损,2021-9-24,0:00:00,2021-10-15,0:00:00,43.51,40.3,-3.21,68,295868,-21828,361.73,12109771,
SSE.600519,平多止损,2021-8-17,0:00:00,2021-8-31,0:00:00,1635,1558,-77,1,163500,-7700,205.66,12102071,
SSE.600436,平多收益,2021-8-20,0:00:00,2021-8-23,0:00:00,346.7,368.55,21.85,8,277360,17480,389.19,12119551,
SSE.600436,平多止损,2021-8-31,0:00:00,2021-9-14,0:00:00,347.05,339.76,-7.29,8,277640,-5832,358.79,12113719,
SSE.600276,平多止损,2021-8-20,0:00:00,2021-9-3,0:00:00,48.46,46.1,-2.36,61,295606,-14396,371.2,12099323,
SSE.600276,平多收益,2021-10-18,0:00:00,2021-10-20,0:00:00,49.1,51.58,2.48,61,299510,15128,415.32,12114451,
SSE.600048,平多收益,2021-8-25,0:00:00,2021-9-1,0:00:00,11.49,12.14,0.65,261,299889,16965,418.25,12131416,
SSE.600048,平多收益,2021-10-19,0:00:00,2021-10-22,0:00:00,12.89,13.71,0.82,232,299048,19024,419.86,12150440,
SSE.600036,平多收益,2021-8-30,0:00:00,2021-9-2,0:00:00,48.45,51.6,3.15,61,295545,19215,415.48,12169655,
SSE.600036,平多收益,2021-9-22,0:00:00,2021-10-11,0:00:00,49.41,53,3.59,60,296460,21540,419.76,12191195,
SSE.600031,平多收益,2021-8-19,0:00:00,2021-9-2,0:00:00,28.26,28.52,0.26,106,299556,2756,399.05,12193951,
SSE.600031,平多止损,2021-9-15,0:00:00,2021-10-8,0:00:00,26.58,26.16,-0.42,112,297696,-4704,386.75,12189247,
SSE.600028,平多收益,2021-10-13,0:00:00,2021-10-22,0:00:00,4.33,4.36,0.03,692,299636,2076,398.26,12191323,
SZSE.300122,平多收益,2021-11-8,0:00:00,2021-11-15,0:00:00,127.85,134.58,6.73,23,294055,15479,408.58,12206802,
SZSE.000917,平多收益,2021-10-28,0:00:00,2021-11-11,0:00:00,5.52,5.79,0.27,543,299736,14661,415,12221463,
SZSE.000776,平多收益,2021-11-2,0:00:00,2021-11-8,0:00:00,18.88,19.97,1.09,158,298304,17222,416.49,12238685,
SZSE.000002,平多收益,2021-11-2,0:00:00,2021-11-10,0:00:00,17.64,18.98,1.34,170,299880,22780,425.91,12261465,
SSE.601888,平多收益,2021-11-2,0:00:00,2021-11-16,0:00:00,222.88,234,11.12,13,289744,14456,401.54,12275921,
SSE.601088,平多止损,2021-10-29,0:00:00,2021-11-12,0:00:00,19.89,19.12,-0.77,150,298350,-11550,378.58,12264371,
SZSE.300498,平多收益,2022-1-19,0:00:00,2022-2-7,0:00:00,19.25,20.65,1.4,155,298375,21700,422.5,12286071,
SZSE.300498,平多收益,2022-2-25,0:00:00,2022-3-1,0:00:00,19.49,20.54,1.05,153,298197,16065,414.83,12302136,
SZSE.300122,平多止损,2022-1-6,0:00:00,2022-1-20,0:00:00,116.3,107,-9.3,25,290750,-23250,353.1,12278886,
SZSE.300122,平多收益,2022-1-21,0:00:00,2022-2-7,0:00:00,103.92,110.47,6.55,28,290976,18340,408.3,12297226,
SZSE.300059,平多止损,2022-1-7,0:00:00,2022-1-21,0:00:00,33.75,33.24,-0.51,88,297000,-4488,386.12,12292738,
SZSE.300059,平多止损,2022-2-14,0:00:00,2022-2-28,0:00:00,27.49,26.74,-0.75,109,299641,-8175,384.74,12284563,
SZSE.002812,平多收益,2022-1-7,0:00:00,2022-1-11,0:00:00,225.9,237.96,12.06,13,293670,15678,408.34,12300241,
SZSE.002812,平多收益,2022-2-8,0:00:00,2022-2-22,0:00:00,240.88,245.94,5.06,12,289056,6072,389.57,12306313,
SZSE.002594,平多止损,2021-12-27,0:00:00,2022-1-11,0:00:00,267.03,239.09,-27.94,11,293733,-30734,347.16,12275579,
SZSE.002594,平多收益,2022-1-28,0:00:00,2022-2-7,0:00:00,226.8,244.4,17.6,13,294840,22880,419.39,12298459,
SZSE.002475,平多收益,2022-1-13,0:00:00,2022-1-18,0:00:00,45.36,47.93,2.57,66,299376,16962,417.57,12315421,
SZSE.002475,平多止损,2022-2-8,0:00:00,2022-2-22,0:00:00,43.25,41.61,-1.64,69,298425,-11316,378.98,12304105,
SZSE.002475,平多止损,2022-3-3,0:00:00,2022-3-3,0:00:00,39.03,39.03,0,76,296628,0,391.55,12304105,
SZSE.000917,平多收益,2022-1-25,0:00:00,2022-2-9,0:00:00,5.85,6.22,0.37,512,299520,18944,420.37,12323049,
SZSE.000858,平多收益,2022-1-10,0:00:00,2022-1-24,0:00:00,214.96,215.07,0.11,13,279448,143,369.06,12323192,
SZSE.000858,平多收益,2022-2-8,0:00:00,2022-2-15,0:00:00,190,199.8,9.8,15,285000,14700,395.6,12337892,
SZSE.000776,平多收益,2022-1-11,0:00:00,2022-1-20,0:00:00,21.87,23.04,1.17,137,299619,16029,416.66,12353921,
SZSE.000776,平多止损,2022-2-7,0:00:00,2022-2-21,0:00:00,20.57,18.91,-1.66,145,298265,-24070,361.94,12329851,
SZSE.000776,平多收益,2022-2-24,0:00:00,2022-3-3,0:00:00,18.4,18.63,0.23,163,299920,3749,400.84,12333600,
SZSE.000568,平多止损,2022-1-11,0:00:00,2022-1-25,0:00:00,231,226.99,-4.01,12,277200,-4812,359.55,12328788,
SZSE.000568,平多收益,2022-2-8,0:00:00,2022-2-14,0:00:00,208.36,219.4,11.04,14,291704,15456,405.45,12344244,
SSE.603288,平多收益,2022-1-27,0:00:00,2022-2-17,0:00:00,96.06,96.92,0.86,31,297786,2666,396.6,12346910,
SSE.601985,平多止损,2022-1-7,0:00:00,2022-1-21,0:00:00,7.43,7.33,-0.1,403,299429,-4030,389.93,12342880,
SSE.601919,平多止损,2022-1-17,0:00:00,2022-2-7,0:00:00,17.44,16.53,-0.91,172,299968,-15652,375.3,12327228,
SSE.601888,平多收益,2022-1-17,0:00:00,2022-1-21,0:00:00,190.43,200.66,10.23,15,285645,15345,397.31,12342573,
SSE.601888,平多止损,2022-2-24,0:00:00,2022-3-3,0:00:00,203.99,198.27,-5.72,14,285586,-8008,366.4,12334565,
SSE.600585,平多收益,2022-1-14,0:00:00,2022-1-19,0:00:00,39.06,42.94,3.88,76,296856,29488,430.77,12364053,
SSE.600519,平多收益,2022-1-7,0:00:00,2022-1-21,0:00:00,1942,1984.99,42.99,1,194200,4299,262.02,12368352,
SSE.600436,平多止损,2021-12-30,0:00:00,2022-1-14,0:00:00,423.03,386.1,-36.93,7,296121,-25851,356.76,12342501,
SSE.600436,平多收益,2022-1-28,0:00:00,2022-2-18,0:00:00,357.24,358.3,1.06,8,285792,848,378.36,12343349,
SSE.600276,平多止损,2022-1-19,0:00:00,2022-2-9,0:00:00,45.73,42.01,-3.72,65,297245,-24180,360.45,12319169,
SSE.600276,平多收益,2022-2-14,0:00:00,2022-2-28,0:00:00,39.75,40.08,0.33,75,298125,2475,396.79,12321644,
SSE.600031,平多止损,2022-1-25,0:00:00,2022-2-15,0:00:00,21.81,20.75,-1.06,137,298797,-14522,375.24,12307122,
SZSE.300498,平多收益,2022-3-15,0:00:00,2022-3-17,0:00:00,18.78,20.08,1.3,159,298602,20670,421.44,12327792,
SZSE.300498,平多止损,2022-4-21,0:00:00,2022-5-10,0:00:00,20.7,18.84,-1.86,144,298080,-26784,358.11,12301008,
SZSE.300498,平多止损,2022-5-11,0:00:00,2022-5-11,0:00:00,18.28,18.28,0,164,299792,0,395.73,12301008,
SZSE.300122,平多收益,2022-3-8,0:00:00,2022-3-15,0:00:00,116.52,125.24,8.72,25,291300,21800,413.29,12322808,
SZSE.300122,平多止损,2022-4-14,0:00:00,2022-4-28,0:00:00,116,93.72,-22.28,25,290000,-55700,309.28,12267108,
SZSE.300122,平多收益,2022-4-29,0:00:00,2022-5-11,0:00:00,94.5,101.98,7.48,31,292950,23188,417.3,12290296,
SZSE.300059,平多收益,2022-3-7,0:00:00,2022-3-21,0:00:00,24.88,25.05,0.17,120,298560,2040,396.79,12292336,
SZSE.300059,平多收益,2022-4-20,0:00:00,2022-4-27,0:00:00,20.61,21.65,1.04,145,298845,15080,414.38,12307416,
SZSE.300059,平多收益,2022-4-28,0:00:00,2022-4-29,0:00:00,21.05,22.78,1.73,142,298910,24566,426.99,12331982,
SZSE.300059,平多止损,2022-5-5,0:00:00,2022-5-11,0:00:00,22.4,22.31,-0.09,133,297920,-1197,391.67,12330785,
SZSE.002812,平多收益,2022-3-7,0:00:00,2022-3-10,0:00:00,216.04,229.99,13.95,13,280852,18135,394.66,12348920,
SZSE.002812,平多收益,2022-3-11,0:00:00,2022-3-17,0:00:00,224.83,247.54,22.71,13,292279,29523,424.78,12378443,
SZSE.002812,平多收益,2022-3-25,0:00:00,2022-4-1,0:00:00,213.11,224.1,10.99,14,298354,15386,414.14,12393829,
SZSE.002812,平多止损,2022-4-11,0:00:00,2022-4-25,0:00:00,201.02,171.6,-29.42,14,281428,-41188,317.12,12352641,
SZSE.002812,平多收益,2022-4-26,0:00:00,2022-4-27,0:00:00,166.4,183.04,16.64,18,299520,29952,434.9,12382593,
SZSE.002594,平多收益,2022-3-7,0:00:00,2022-3-17,0:00:00,223.61,234.9,11.29,13,290693,14677,403.09,12397270,
SZSE.002475,平多止损,2022-3-7,0:00:00,2022-3-21,0:00:00,36.16,35.09,-1.07,82,296512,-8774,379.81,12388496,
SZSE.002475,平多止损,2022-3-25,0:00:00,2022-4-12,0:00:00,33.59,28.88,-4.71,89,298951,-41919,339.28,12346577,
SZSE.002475,平多收益,2022-4-13,0:00:00,2022-4-18,0:00:00,28.23,30.06,1.83,106,299238,19398,420.6,12365975,
SZSE.002475,平多收益,2022-4-25,0:00:00,2022-4-28,0:00:00,26.83,29.39,2.56,111,297813,28416,430.62,12394391,
SZSE.002352,平多止损,2022-3-7,0:00:00,2022-3-21,0:00:00,56.1,47.83,-8.27,53,297330,-43831,334.62,12350560,
SZSE.002352,平多收益,2022-3-22,0:00:00,2022-4-7,0:00:00,47.08,47.63,0.55,63,296604,3465,396.09,12354025,
SZSE.002352,平多收益,2022-4-25,0:00:00,2022-4-28,0:00:00,45.16,47.5,2.34,66,298056,15444,413.82,12369469,
SZSE.002027,平多止损,2022-3-7,0:00:00,2022-3-21,0:00:00,7.12,6.2,-0.92,421,299752,-38732,344.55,12330737,
SZSE.002027,平多止损,2022-3-24,0:00:00,2022-4-11,0:00:00,6.1,5.68,-0.42,491,299510,-20622,368.13,12310115,
SZSE.002027,平多收益,2022-4-20,0:00:00,2022-5-9,0:00:00,5.64,5.72,0.08,531,299484,4248,400.93,12314363,
SZSE.000917,平多止损,2022-3-7,0:00:00,2022-3-21,0:00:00,5.8,5.48,-0.32,517,299860,-16544,373.98,12297819,
SZSE.000917,平多收益,2022-4-15,0:00:00,2022-4-19,0:00:00,5.15,5.43,0.28,582,299730,16296,417.15,12314115,
SZSE.000917,平多止损,2022-4-21,0:00:00,2022-5-10,0:00:00,5.14,4.74,-0.4,583,299662,-23320,364.77,12290795,
SZSE.000858,平多止损,2022-3-7,0:00:00,2022-3-21,0:00:00,166,165.71,-0.29,18,298800,-522,393.73,12290273,
SZSE.000858,平多收益,2022-3-25,0:00:00,2022-4-12,0:00:00,157.19,163.88,6.69,19,298661,12711,411.01,12302984,
SZSE.000858,平多收益,2022-4-25,0:00:00,2022-4-28,0:00:00,155,165.85,10.85,19,294500,20615,415.95,12323599,
SZSE.000776,平多收益,2022-3-9,0:00:00,2022-3-18,0:00:00,16.83,17.87,1.04,178,299574,18512,419.87,12342111,
SZSE.000776,平多止损,2022-4-20,0:00:00,2022-5-9,0:00:00,16.49,15.16,-1.33,181,298469,-24073,362.2,12318038,
SZSE.000725,平多止损,2022-3-7,0:00:00,2022-3-21,0:00:00,4.51,4.29,-0.22,665,299915,-14630,376.58,12303408,
SZSE.000725,平多收益,2022-4-25,0:00:00,2022-5-11,0:00:00,3.75,3.83,0.08,800,300000,6400,404.45,12309808,
SZSE.000568,平多收益,2022-3-7,0:00:00,2022-3-10,0:00:00,190.85,212.32,21.47,15,286275,32205,420.39,12342013,
SZSE.000568,平多收益,2022-3-14,0:00:00,2022-3-21,0:00:00,194.98,205.4,10.42,15,292470,15630,406.69,12357643,
SZSE.000568,平多收益,2022-3-25,0:00:00,2022-4-12,0:00:00,190.22,193,2.78,15,285330,4170,382.14,12361813,
SZSE.000568,平多收益,2022-5-9,0:00:00,2022-5-11,0:00:00,194.08,201.5,7.42,15,291120,11130,398.97,12372943,
SZSE.000002,平多止损,2022-3-7,0:00:00,2022-3-21,0:00:00,18.54,16.8,-1.74,161,298494,-28014,357.03,12344929,
SZSE.000002,平多止损,2022-4-20,0:00:00,2022-5-9,0:00:00,19.35,18.48,-0.87,155,299925,-13485,378.1,12331444,
SZSE.000001,平多止损,2022-3-7,0:00:00,2022-3-21,0:00:00,14.72,14.59,-0.13,203,298816,-2639,390.95,12328805,
SZSE.000001,平多收益,2022-4-25,0:00:00,2022-4-27,0:00:00,14.85,15.65,0.8,202,299970,16160,417.29,12344965,
SZSE.000001,平多收益,2022-5-9,0:00:00,2022-5-11,0:00:00,14.55,14.63,0.08,206,299730,1648,397.82,12346613,
SSE.603288,平多止损,2022-3-8,0:00:00,2022-3-22,0:00:00,93,89.67,-3.33,32,297600,-10656,378.77,12335957,
SSE.603288,平多收益,2022-3-29,0:00:00,2022-4-14,0:00:00,84.45,90.89,6.44,35,295575,22540,419.91,12358497,
SSE.603288,平多止损,2022-4-29,0:00:00,2022-5-11,0:00:00,81.52,76.47,-5.05,36,293472,-18180,363.39,12340317,
SSE.601985,平多收益,2022-3-15,0:00:00,2022-3-16,0:00:00,7.37,7.96,0.59,407,299959,24013,427.64,12364330,
SSE.601985,平多收益,2022-3-25,0:00:00,2022-3-29,0:00:00,7.43,7.99,0.56,403,299429,22568,425.04,12386898,
SSE.601985,平多止损,2022-4-21,0:00:00,2022-5-10,0:00:00,7.39,7.03,-0.36,405,299295,-14580,375.82,12372318,
SSE.601919,平多止损,2022-3-9,0:00:00,2022-3-23,0:00:00,16.45,16.29,-0.16,182,299390,-2912,391.35,12369406,
SSE.601919,平多止损,2022-4-7,0:00:00,2022-4-21,0:00:00,15.55,14.64,-0.91,192,298560,-17472,371.04,12351934,
SSE.601919,平多收益,2022-4-25,0:00:00,2022-4-29,0:00:00,13.57,14.43,0.86,221,299897,19006,420.95,12370940,
SSE.601888,平多止损,2022-3-7,0:00:00,2022-3-21,0:00:00,188.28,172.95,-15.33,15,282420,-22995,342.44,12347945,
SSE.601888,平多止损,2022-3-24,0:00:00,2022-4-11,0:00:00,166.62,156.11,-10.51,18,299916,-18918,370.92,12329027,
SSE.601888,平多收益,2022-5-6,0:00:00,2022-5-11,0:00:00,163.69,176.65,12.96,18,294642,23328,419.72,12352355,
SSE.601318,平多止损,2022-3-7,0:00:00,2022-3-21,0:00:00,48.88,47.04,-1.84,61,298168,-11224,378.77,12341131,
SSE.601318,平多止损,2022-4-25,0:00:00,2022-5-11,0:00:00,44.85,44.73,-0.12,66,296010,-792,389.69,12340339,
SSE.601166,平多收益,2022-3-8,0:00:00,2022-3-22,0:00:00,20.6,20.81,0.21,145,298700,3045,398.3,12343384,
SSE.601166,平多止损,2022-4-25,0:00:00,2022-5-11,0:00:00,20.28,19.78,-0.5,147,298116,-7350,383.81,12336034,
SSE.601088,平多收益,2022-3-15,0:00:00,2022-3-21,0:00:00,24.13,26.1,1.97,124,299212,24428,427.2,12360462,
SSE.601088,平多收益,2022-4-21,0:00:00,2022-4-28,0:00:00,29.22,31.21,1.99,102,298044,20298,420.21,12380760,
SSE.600900,平多收益,2022-3-15,0:00:00,2022-3-16,0:00:00,21.15,22.38,1.23,141,298215,17343,416.54,12398103,
SSE.600887,平多止损,2022-3-7,0:00:00,2022-3-21,0:00:00,37.55,37,-0.55,79,296645,-4345,385.84,12393758,
SSE.600585,平多止损,2022-3-8,0:00:00,2022-3-22,0:00:00,39,37.21,-1.79,76,296400,-13604,373.29,12380154,
SSE.600585,平多收益,2022-4-21,0:00:00,2022-4-27,0:00:00,37.4,39.49,2.09,80,299200,16720,417.01,12396874,
SSE.600519,平多收益,2022-3-7,0:00:00,2022-3-10,0:00:00,1707,1794.43,87.43,1,170700,8743,236.86,12405617,
SSE.600519,平多止损,2022-3-14,0:00:00,2022-3-28,0:00:00,1700,1660.8,-39.2,1,170000,-3920,219.23,12401697,
SSE.600436,平多收益,2022-3-7,0:00:00,2022-3-21,0:00:00,305.1,313.41,8.31,9,274590,7479,372.33,12409176,
SSE.600276,平多止损,2022-3-7,0:00:00,2022-3-21,0:00:00,37.55,37.3,-0.25,79,296645,-1975,388.96,12407201,
SSE.600276,平多止损,2022-4-8,0:00:00,2022-4-22,0:00:00,33.93,33,-0.93,88,298584,-8184,383.33,12399017,
SSE.600276,平多收益,2022-4-25,0:00:00,2022-5-11,0:00:00,29.7,29.95,0.25,101,299970,2525,399.29,12401542,
SSE.600048,平多收益,2022-3-15,0:00:00,2022-3-18,0:00:00,14.71,16.98,2.27,203,298613,46081,455,12447623,
SSE.600048,平多止损,2022-4-20,0:00:00,2022-5-9,0:00:00,17.43,16.27,-1.16,172,299796,-19952,369.39,12427671,
SSE.600048,平多止损,2022-5-10,0:00:00,2022-5-11,0:00:00,16.45,15.83,-0.62,182,299390,-11284,380.3,12416387,
SSE.600036,平多止损,2022-3-7,0:00:00,2022-3-21,0:00:00,46.76,44.81,-1.95,64,299264,-12480,378.55,12403907,
SSE.600036,平多止损,2022-4-18,0:00:00,2022-5-5,0:00:00,43.39,39.26,-4.13,69,299391,-28497,357.58,12375410,
SSE.600036,平多止损,2022-5-6,0:00:00,2022-5-11,0:00:00,37.91,37.21,-0.7,79,299489,-5530,388.03,12369880,
SSE.600031,平多止损,2022-3-7,0:00:00,2022-3-21,0:00:00,18.16,17.77,-0.39,165,299640,-6435,387.03,12363445,
SSE.600031,平多止损,2022-4-20,0:00:00,2022-5-9,0:00:00,17.38,15.94,-1.44,172,298936,-24768,361.9,12338677,
SSE.600028,平多收益,2022-3-15,0:00:00,2022-3-28,0:00:00,3.98,4.29,0.31,753,299694,23343,426.41,12362020,
SSE.600000,平多收益,2022-3-15,0:00:00,2022-3-29,0:00:00,7.63,7.82,0.19,393,299859,7467,405.67,12369487,
SZSE.300498,平多收益,2022-5-13,0:00:00,2022-5-27,0:00:00,17.74,17.81,0.07,169,299806,1183,397.31,12370670,
SZSE.300122,平多收益,2022-5-24,0:00:00,2022-6-8,0:00:00,89.2,90.5,1.3,33,294360,4290,394.22,12374960,
SZSE.300122,平多止损,2022-7-12,0:00:00,2022-7-13,0:00:00,108.48,107.93,-0.55,27,292896,-1485,384.66,12373475,
SZSE.300059,平多止损,2022-7-11,0:00:00,2022-7-13,0:00:00,23.29,22.99,-0.3,128,298112,-3840,388.44,12369635,
SZSE.002812,平多止损,2022-7-11,0:00:00,2022-7-13,0:00:00,231.95,229.08,-2.87,12,278340,-3444,362.86,12366191,
SZSE.002594,平多收益,2022-7-12,0:00:00,2022-7-13,0:00:00,309,309.88,0.88,9,278100,792,368.14,12366983,
SZSE.002475,平多收益,2022-6-14,0:00:00,2022-6-28,0:00:00,33.05,34.1,1.05,90,297450,9450,405.11,12376433,
SZSE.002475,平多收益,2022-7-6,0:00:00,2022-7-8,0:00:00,30.86,34.64,3.78,97,299342,36666,443.53,12413099,
SZSE.002027,平多止损,2022-7-13,0:00:00,2022-7-13,0:00:00,6.17,6.17,0,486,299862,0,395.82,12413099,
SZSE.000776,平多止损,2022-7-13,0:00:00,2022-7-13,0:00:00,17.05,17.05,0,175,298375,0,393.85,12413099,
SZSE.000002,平多收益,2022-6-6,0:00:00,2022-6-15,0:00:00,17.29,18.34,1.05,173,299117,18165,418.81,12431264,
SSE.603288,平多止损,2022-5-13,0:00:00,2022-5-27,0:00:00,76,72.7,-3.3,39,296400,-12870,374.26,12418394,
SSE.601919,平多收益,2022-6-21,0:00:00,2022-7-5,0:00:00,13.91,14.22,0.31,215,299065,6665,403.56,12425059,
SSE.601888,平多收益,2022-7-12,0:00:00,2022-7-13,0:00:00,203.54,205.6,2.06,14,284956,2884,379.95,12427943,
SSE.601088,平多收益,2022-6-20,0:00:00,2022-6-28,0:00:00,31.04,32.84,1.8,96,297984,17280,416.15,12445223,
SSE.601088,平多收益,2022-7-11,0:00:00,2022-7-13,0:00:00,29,29.37,0.37,103,298700,3811,399.31,12449034,
SSE.600585,平多止损,2022-7-12,0:00:00,2022-7-13,0:00:00,35.79,35.35,-0.44,83,297057,-3652,387.29,12445382,
SSE.600048,平多收益,2022-5-31,0:00:00,2022-6-15,0:00:00,15.51,15.87,0.36,193,299343,6948,404.3,12452330,
SSE.600048,平多收益,2022-7-11,0:00:00,2022-7-13,0:00:00,15.89,16.6,0.71,188,298732,13348,411.95,12465678,
SSE.600036,平多止损,2022-7-13,0:00:00,2022-7-13,0:00:00,37.9,37.9,0,79,299410,0,395.22,12465678,
SSE.600028,平多收益,2022-6-20,0:00:00,2022-7-4,0:00:00,4.07,4.1,0.03,737,299959,2211,398.86,12467889,
SZSE.300498,平多止损,2022-7-22,0:00:00,2022-8-5,0:00:00,23.3,23.16,-0.14,128,298240,-1792,391.31,12466097,
SZSE.300122,平多止损,2022-7-15,0:00:00,2022-7-29,0:00:00,104.5,99.52,-4.98,28,292600,-13944,367.83,12452153,
SZSE.300122,平多止损,2022-8-1,0:00:00,2022-8-15,0:00:00,97.74,97.12,-0.62,30,293220,-1860,384.6,12450293,
SZSE.300122,平多收益,2022-9-8,0:00:00,2022-9-14,0:00:00,88.89,89,0.11,33,293337,363,387.68,12450656,
SZSE.300059,平多止损,2022-7-15,0:00:00,2022-7-29,0:00:00,22.4,22.25,-0.15,133,297920,-1995,390.62,12448661,
SZSE.300059,平多收益,2022-8-3,0:00:00,2022-8-11,0:00:00,21,22.99,1.99,142,298200,28258,430.92,12476919,
SZSE.002812,平多止损,2022-7-18,0:00:00,2022-8-1,0:00:00,229.8,223.07,-6.73,13,298740,-8749,382.79,12468170,
SZSE.002812,平多止损,2022-8-19,0:00:00,2022-9-2,0:00:00,197.9,190,-7.9,15,296850,-11850,376.2,12456320,
SZSE.002594,平多止损,2022-8-31,0:00:00,2022-9-14,0:00:00,287.98,278.33,-9.65,10,287980,-9650,367.4,12446670,
SZSE.002475,平多收益,2022-7-25,0:00:00,2022-7-28,0:00:00,30.8,33.53,2.73,97,298760,26481,429.32,12473151,
SZSE.002352,平多收益,2022-7-15,0:00:00,2022-7-19,0:00:00,50.88,54.5,3.62,58,295104,20996,417.25,12494147,
SZSE.002352,平多收益,2022-8-1,0:00:00,2022-8-15,0:00:00,48.89,49.91,1.02,61,298229,6222,401.88,12500369,
SZSE.002027,平多收益,2022-8-3,0:00:00,2022-8-11,0:00:00,5.63,5.96,0.33,532,299516,17556,418.54,12517925,
SZSE.000917,平多收益,2022-7-15,0:00:00,2022-7-19,0:00:00,4.74,5.04,0.3,632,299568,18960,420.46,12536885,
SZSE.000776,平多止损,2022-7-15,0:00:00,2022-7-29,0:00:00,16.46,15.92,-0.54,182,299572,-9828,382.46,12527057,
SZSE.000776,平多收益,2022-8-3,0:00:00,2022-8-11,0:00:00,15.11,16.34,1.23,198,299178,24354,427.06,12551411,
SZSE.000002,平多止损,2022-7-15,0:00:00,2022-7-29,0:00:00,17.62,17.21,-0.41,170,299540,-6970,386.19,12544441,
SZSE.000002,平多收益,2022-8-3,0:00:00,2022-8-17,0:00:00,16.06,16.88,0.82,186,298716,15252,414.44,12559693,
SZSE.000001,平多止损,2022-7-15,0:00:00,2022-7-29,0:00:00,13.24,12.68,-0.56,226,299224,-12656,378.27,12547037,
SZSE.000001,平多收益,2022-8-3,0:00:00,2022-8-17,0:00:00,12.03,12.4,0.37,249,299547,9213,407.56,12556250,
SSE.601985,平多止损,2022-7-15,0:00:00,2022-7-29,0:00:00,6.4,6.17,-0.23,468,299520,-10764,381.16,12545486,
SSE.601985,平多收益,2022-8-3,0:00:00,2022-8-9,0:00:00,5.83,6.15,0.32,514,299662,16448,417.27,12561934,
SSE.601939,平多收益,2022-7-15,0:00:00,2022-7-29,0:00:00,5.49,5.57,0.08,546,299754,4368,401.44,12566302,
SSE.601919,平多收益,2022-8-2,0:00:00,2022-8-8,0:00:00,12.85,13.5,0.65,233,299405,15145,415.21,12581447,
SSE.601888,平多收益,2022-7-15,0:00:00,2022-7-20,0:00:00,204.36,214.95,10.59,14,286104,14826,397.23,12596273,
SSE.601888,平多止损,2022-8-5,0:00:00,2022-8-19,0:00:00,198.9,188,-10.9,15,298350,-16350,372.24,12579923,
SSE.601398,平多收益,2022-7-15,0:00:00,2022-7-29,0:00:00,4.33,4.38,0.05,692,299636,3460,400.09,12583383,
SSE.601166,平多收益,2022-7-15,0:00:00,2022-7-29,0:00:00,17.63,17.77,0.14,170,299710,2380,398.76,12585763,
SSE.601088,平多止损,2022-7-15,0:00:00,2022-7-29,0:00:00,29.75,28.1,-1.65,100,297500,-16500,370.92,12569263,
SSE.600585,平多收益,2022-8-2,0:00:00,2022-8-16,0:00:00,31.32,32.75,1.43,95,297540,13585,410.69,12582848,
SSE.600436,平多止损,2022-7-15,0:00:00,2022-7-29,0:00:00,319.15,295.72,-23.43,9,287235,-21087,351.32,12561761,
SSE.600276,平多收益,2022-8-1,0:00:00,2022-8-5,0:00:00,35.18,38.03,2.85,85,299030,24225,426.7,12585986,
SSE.600048,平多收益,2022-7-15,0:00:00,2022-7-26,0:00:00,15.78,17.03,1.25,190,299820,23750,427.11,12609736,
SSE.600048,平多收益,2022-8-3,0:00:00,2022-8-17,0:00:00,15.39,16.36,0.97,194,298566,18818,418.95,12628554,
SSE.600036,平多收益,2022-7-15,0:00:00,2022-7-29,0:00:00,34.87,35.07,0.2,86,299882,1720,398.11,12630274,
SSE.600031,平多收益,2022-7-15,0:00:00,2022-7-18,0:00:00,17.66,18.75,1.09,169,298454,18421,418.28,12648695,
SSE.600031,平多止损,2022-7-29,0:00:00,2022-8-12,0:00:00,17.04,16.8,-0.24,176,299904,-4224,390.3,12644471,
SZSE.300498,平多收益,2022-9-20,0:00:00,2022-10-11,0:00:00,21.31,21.9,0.59,140,298340,8260,404.71,12652731,
SZSE.300498,平多止损,2022-10-25,0:00:00,2022-11-8,0:00:00,19.71,18.56,-1.15,152,299592,-17480,372.39,12635251,
SZSE.300122,平多收益,2022-9-16,0:00:00,2022-9-27,0:00:00,82.9,87.89,4.99,36,298440,17964,417.65,12653215,
SZSE.300122,平多收益,2022-10-28,0:00:00,2022-11-1,0:00:00,84.89,94.2,9.31,35,297115,32585,435.2,12685800,
SZSE.300059,平多止损,2022-9-16,0:00:00,2022-9-30,0:00:00,19.94,17.62,-2.32,150,299100,-34800,348.88,12651000,
SZSE.300059,平多收益,2022-10-10,0:00:00,2022-10-17,0:00:00,17.3,18.29,0.99,173,299290,17127,417.67,12668127,
SZSE.300059,平多收益,2022-10-25,0:00:00,2022-11-4,0:00:00,15.54,17.19,1.65,193,299922,31845,437.93,12699972,
SZSE.002812,平多收益,2022-10-21,0:00:00,2022-11-4,0:00:00,160.51,170.2,9.69,18,288918,17442,404.4,12717414,
SZSE.002812,平多止损,2022-11-17,0:00:00,2022-11-22,0:00:00,155,140.17,-14.83,19,294500,-28177,351.55,12689237,
SZSE.002594,平多收益,2022-10-28,0:00:00,2022-11-1,0:00:00,239.89,261.82,21.93,12,287868,26316,414.72,12715553,
SZSE.002475,平多止损,2022-9-20,0:00:00,2022-10-11,0:00:00,33.5,27.75,-5.75,89,298150,-51175,326.01,12664378,
SZSE.002475,平多收益,2022-10-28,0:00:00,2022-10-31,0:00:00,26.63,28.5,1.87,112,298256,20944,421.34,12685322,
SZSE.002352,平多收益,2022-9-22,0:00:00,2022-9-27,0:00:00,45.32,48.12,2.8,66,299112,18480,419.22,12703802,
SZSE.002027,平多收益,2022-10-25,0:00:00,2022-11-4,0:00:00,5,5.26,0.26,600,300000,15600,416.59,12719402,
SZSE.000858,平多收益,2022-10-24,0:00:00,2022-11-7,0:00:00,143.23,151.14,7.91,20,286460,15820,399.01,12735222,
SZSE.000776,平多止损,2022-9-21,0:00:00,2022-10-12,0:00:00,15.25,14.99,-0.26,196,298900,-5096,387.82,12730126,
SZSE.000568,平多止损,2022-10-19,0:00:00,2022-11-2,0:00:00,196.62,174.93,-21.69,15,294930,-32535,346.36,12697591,
SZSE.000002,平多止损,2022-10-24,0:00:00,2022-11-7,0:00:00,15.56,14.23,-1.33,192,298752,-25536,360.65,12672055,
SSE.603288,平多止损,2022-10-11,0:00:00,2022-10-25,0:00:00,73.45,69.14,-4.31,40,293800,-17240,365.06,12654815,
SSE.603288,平多收益,2022-10-27,0:00:00,2022-11-4,0:00:00,63.68,69.8,6.12,47,299296,28764,433.04,12683579,
SSE.601919,平多止损,2022-9-16,0:00:00,2022-9-30,0:00:00,12.56,11.02,-1.54,238,298928,-36652,346.2,12646927,
SSE.601919,平多收益,2022-10-10,0:00:00,2022-10-17,0:00:00,10.9,11.5,0.6,275,299750,16500,417.45,12663427,
SSE.601888,平多收益,2022-10-24,0:00:00,2022-11-1,0:00:00,167,176.4,9.4,17,283900,15980,395.84,12679407,
SSE.601318,平多收益,2022-10-28,0:00:00,2022-11-7,0:00:00,36.73,38.79,2.06,81,297513,16686,414.74,12696093,
SSE.600887,平多止损,2022-10-24,0:00:00,2022-11-7,0:00:00,28.9,27.71,-1.19,103,297670,-12257,376.75,12683836,
SSE.600585,平多收益,2022-9-26,0:00:00,2022-10-17,0:00:00,28.33,28.63,0.3,105,297465,3150,396.81,12686986,
SSE.600585,平多收益,2022-10-28,0:00:00,2022-11-11,0:00:00,25.3,27,1.7,118,298540,20060,420.55,12707046,
SSE.600519,平多止损,2022-10-19,0:00:00,2022-11-2,0:00:00,1648,1471.96,-176.04,1,164800,-17604,194.3,12689442,
SSE.600436,平多止损,2022-9-22,0:00:00,2022-10-13,0:00:00,260.85,256.8,-4.05,11,286935,-4455,372.87,12684987,
SSE.600436,平多收益,2022-10-24,0:00:00,2022-11-2,0:00:00,231.62,249.6,17.98,12,277944,21576,395.37,12706563,
SSE.600048,平多止损,2022-10-25,0:00:00,2022-11-8,0:00:00,16.15,14,-2.15,185,298775,-39775,341.88,12666788,
SSE.600036,平多止损,2022-10-13,0:00:00,2022-10-27,0:00:00,29.89,27.94,-1.95,100,298900,-19500,368.81,12647288,
SSE.600036,平多收益,2022-10-28,0:00:00,2022-11-4,0:00:00,27.18,29.08,1.9,110,298980,20900,422.24,12668188,
SSE.600031,平多收益,2022-9-26,0:00:00,2022-10-17,0:00:00,14.05,15,0.95,213,299265,20235,421.74,12688423,
SZSE.300122,平多止损,2022-12-5,0:00:00,2022-12-19,0:00:00,85.88,81.19,-4.69,34,291992,-15946,364.38,12672477,
SZSE.002812,平多收益,2022-11-24,0:00:00,2022-12-8,0:00:00,134.28,139.3,5.02,22,295416,11044,404.53,12683521,
SZSE.002812,平多收益,2023-1-4,0:00:00,2023-1-5,0:00:00,125.6,138.16,12.56,23,288880,28888,419.45,12712409,
SZSE.002475,平多收益,2022-11-28,0:00:00,2022-12-12,0:00:00,30.73,32.8,2.07,97,298081,20079,419.97,12732488,
SZSE.002475,平多收益,2023-1-4,0:00:00,2023-1-17,0:00:00,28.37,31.04,2.67,105,297885,28035,430.21,12760523,
SZSE.000002,平多收益,2022-12-26,0:00:00,2023-1-5,0:00:00,18.37,19.33,0.96,163,299431,15648,415.9,12776171,
SSE.601919,平多止损,2022-12-14,0:00:00,2022-12-28,0:00:00,10.99,10.4,-0.59,272,298928,-16048,373.4,12760123,
SSE.600276,平多收益,2022-12-20,0:00:00,2022-12-30,0:00:00,36.51,38.53,2.02,82,299382,16564,417.05,12776687,
SSE.600048,平多止损,2022-12-7,0:00:00,2022-12-21,0:00:00,15.7,15.38,-0.32,191,299870,-6112,387.76,12770575,
,,,,,,,,,,,2270575,-275650.4,,
