datetime,datetime_nano,SSE.601658.open,SSE.601658.high,SSE.601658.low,SSE.601658.close,SSE.601658.volume,SSE.601658.open_oi,SSE.601658.close_oi
2019-12-10 00:00:00.000000000,1575907200000000000,5.6,5.64,5.53,5.61,1619472900,0,0
2019-12-11 00:00:00.000000000,1575993600000000000,5.58,5.64,5.55,5.63,463386300,0,0
2019-12-12 00:00:00.000000000,1576080000000000000,5.6,5.61,5.56,5.6,224711800,0,0
2019-12-13 00:00:00.000000000,1576166400000000000,5.61,5.61,5.58,5.59,157036700,0,0
2019-12-16 00:00:00.000000000,1576425600000000000,5.59,5.59,5.56,5.58,143875000,0,0
2019-12-17 00:00:00.000000000,1576512000000000000,5.58,6.14,5.56,5.85,456119900,0,0
2019-12-18 00:00:00.000000000,1576598400000000000,5.78,5.84,5.71,5.72,220064200,0,0
2019-12-19 00:00:00.000000000,1576684800000000000,5.73,5.83,5.7,5.74,141028100,0,0
2019-12-20 00:00:00.000000000,1576771200000000000,5.75,5.84,5.72,5.75,176243100,0,0
2019-12-23 00:00:00.000000000,1577030400000000000,5.76,5.87,5.74,5.82,170998600,0,0
2019-12-24 00:00:00.000000000,1577116800000000000,5.83,5.83,5.74,5.8,131189700,0,0
2019-12-25 00:00:00.000000000,1577203200000000000,5.78,5.8,5.68,5.69,156835800,0,0
2019-12-26 00:00:00.000000000,1577289600000000000,5.68,5.69,5.63,5.69,118575700,0,0
2019-12-27 00:00:00.000000000,1577376000000000000,5.68,5.76,5.68,5.74,130905900,0,0
2019-12-30 00:00:00.000000000,1577635200000000000,5.71,5.91,5.66,5.81,178952800,0,0
2019-12-31 00:00:00.000000000,1577721600000000000,5.8,5.88,5.79,5.86,122443100,0,0
2020-01-02 00:00:00.000000000,1577894400000000000,5.9,6.02,5.9,5.93,151823800,0,0
2020-01-03 00:00:00.000000000,1577980800000000000,5.93,6.01,5.85,5.98,136428100,0,0
2020-01-06 00:00:00.000000000,1578240000000000000,5.94,5.97,5.87,5.91,88407700,0,0
2020-01-07 00:00:00.000000000,1578326400000000000,5.89,5.94,5.88,5.92,53421100,0,0
2020-01-08 00:00:00.000000000,1578412800000000000,5.88,5.89,5.81,5.85,92108300,0,0
2020-01-09 00:00:00.000000000,1578499200000000000,5.85,5.88,5.8,5.87,61659200,0,0
2020-01-10 00:00:00.000000000,1578585600000000000,5.85,5.91,5.82,5.9,69474800,0,0
2020-01-13 00:00:00.000000000,1578844800000000000,5.87,5.88,5.76,5.79,173463700,0,0
2020-01-14 00:00:00.000000000,1578931200000000000,5.79,5.79,5.75,5.76,107426700,0,0
2020-01-15 00:00:00.000000000,1579017600000000000,5.75,5.76,5.7,5.7,66691000,0,0
2020-01-16 00:00:00.000000000,1579104000000000000,5.72,5.73,5.64,5.64,81947000,0,0
2020-01-17 00:00:00.000000000,1579190400000000000,5.66,5.71,5.66,5.67,57003600,0,0
2020-01-20 00:00:00.000000000,1579449600000000000,5.68,5.73,5.68,5.72,51514500,0,0
2020-01-21 00:00:00.000000000,1579536000000000000,5.71,5.73,5.66,5.66,43568300,0,0
2020-01-22 00:00:00.000000000,1579622400000000000,5.65,5.73,5.6,5.71,67394500,0,0
2020-01-23 00:00:00.000000000,1579708800000000000,5.68,5.68,5.57,5.67,64874800,0,0
2020-02-03 00:00:00.000000000,1580659200000000000,5.38,5.56,5.22,5.5,176961500,0,0
2020-02-04 00:00:00.000000000,1580745600000000000,5.42,5.55,5.42,5.54,96911100,0,0
2020-02-05 00:00:00.000000000,1580832000000000000,5.51,5.54,5.46,5.5,85526600,0,0
2020-02-06 00:00:00.000000000,1580918400000000000,5.51,5.52,5.47,5.52,75845600,0,0
2020-02-07 00:00:00.000000000,1581004800000000000,5.5,5.5,5.45,5.5,84106400,0,0
2020-02-10 00:00:00.000000000,1581264000000000000,5.47,5.51,5.44,5.51,86279500,0,0
2020-02-11 00:00:00.000000000,1581350400000000000,5.49,5.53,5.47,5.51,45118800,0,0
2020-02-12 00:00:00.000000000,1581436800000000000,5.49,5.5,5.46,5.5,34954100,0,0
2020-02-13 00:00:00.000000000,1581523200000000000,5.5,5.51,5.46,5.5,47636300,0,0
2020-02-14 00:00:00.000000000,1581609600000000000,5.48,5.5,5.47,5.5,32497500,0,0
2020-02-17 00:00:00.000000000,1581868800000000000,5.49,5.56,5.48,5.56,72127800,0,0
2020-02-18 00:00:00.000000000,1581955200000000000,5.54,5.54,5.49,5.52,59786600,0,0
2020-02-19 00:00:00.000000000,1582041600000000000,5.5,5.52,5.49,5.5,38443800,0,0
2020-02-20 00:00:00.000000000,1582128000000000000,5.5,5.58,5.48,5.56,92325600,0,0
2020-02-21 00:00:00.000000000,1582214400000000000,5.53,5.56,5.51,5.52,67659700,0,0
2020-02-24 00:00:00.000000000,1582473600000000000,5.5,5.52,5.49,5.5,54982700,0,0
2020-02-25 00:00:00.000000000,1582560000000000000,5.48,5.5,5.46,5.5,81734900,0,0
2020-02-26 00:00:00.000000000,1582646400000000000,5.48,5.57,5.48,5.52,72411600,0,0
2020-02-27 00:00:00.000000000,1582732800000000000,5.51,5.55,5.49,5.52,53460500,0,0
2020-02-28 00:00:00.000000000,1582819200000000000,5.49,5.52,5.47,5.5,60596100,0,0
2020-03-02 00:00:00.000000000,1583078400000000000,5.49,5.53,5.48,5.53,63661900,0,0
2020-03-03 00:00:00.000000000,1583164800000000000,5.53,5.55,5.5,5.52,62227300,0,0
2020-03-04 00:00:00.000000000,1583251200000000000,5.5,5.51,5.48,5.5,44454200,0,0
2020-03-05 00:00:00.000000000,1583337600000000000,5.5,5.69,5.5,5.62,160000600,0,0
2020-03-06 00:00:00.000000000,1583424000000000000,5.56,5.56,5.5,5.51,68697900,0,0
2020-03-09 00:00:00.000000000,1583683200000000000,5.48,5.5,5.47,5.49,66929400,0,0
2020-03-10 00:00:00.000000000,1583769600000000000,5.46,5.5,5.42,5.5,55281100,0,0
2020-03-11 00:00:00.000000000,1583856000000000000,5.49,5.51,5.47,5.51,40526400,0,0
2020-03-12 00:00:00.000000000,1583942400000000000,5.5,5.54,5.48,5.51,39689900,0,0
2020-03-13 00:00:00.000000000,1584028800000000000,5.45,5.55,5.38,5.55,98940700,0,0
2020-03-16 00:00:00.000000000,1584288000000000000,5.52,5.52,5.43,5.44,66094400,0,0
2020-03-17 00:00:00.000000000,1584374400000000000,5.42,5.46,5.35,5.37,43085700,0,0
2020-03-18 00:00:00.000000000,1584460800000000000,5.38,5.4,5.3,5.3,30672200,0,0
2020-03-19 00:00:00.000000000,1584547200000000000,5.26,5.28,5.17,5.23,40825700,0,0
2020-03-20 00:00:00.000000000,1584633600000000000,5.23,5.26,5.21,5.26,23225800,0,0
2020-03-23 00:00:00.000000000,1584892800000000000,5.15,5.18,5.08,5.08,30755300,0,0
2020-03-24 00:00:00.000000000,1584979200000000000,5.13,5.16,5.05,5.14,33714100,0,0
2020-03-25 00:00:00.000000000,1585065600000000000,5.21,5.26,5.13,5.17,56404900,0,0
2020-03-26 00:00:00.000000000,1585152000000000000,5.17,5.35,5.15,5.28,64845900,0,0
2020-03-27 00:00:00.000000000,1585238400000000000,5.3,5.35,5.24,5.3,40941900,0,0
2020-03-30 00:00:00.000000000,1585497600000000000,5.25,5.27,5.18,5.26,29334200,0,0
2020-03-31 00:00:00.000000000,1585584000000000000,5.26,5.29,5.22,5.27,15823600,0,0
2020-04-01 00:00:00.000000000,1585670400000000000,5.26,5.27,5.22,5.26,14910300,0,0
2020-04-02 00:00:00.000000000,1585756800000000000,5.23,5.27,5.21,5.27,19979400,0,0
2020-04-03 00:00:00.000000000,1585843200000000000,5.25,5.27,5.23,5.26,11272100,0,0
2020-04-07 00:00:00.000000000,1586188800000000000,5.29,5.3,5.27,5.29,19474100,0,0
2020-04-08 00:00:00.000000000,1586275200000000000,5.28,5.29,5.25,5.27,12121500,0,0
2020-04-09 00:00:00.000000000,1586361600000000000,5.28,5.29,5.22,5.26,20937100,0,0
2020-04-10 00:00:00.000000000,1586448000000000000,5.26,5.26,5.23,5.24,14799800,0,0
2020-04-13 00:00:00.000000000,1586707200000000000,5.23,5.25,5.2,5.24,18045100,0,0
2020-04-14 00:00:00.000000000,1586793600000000000,5.23,5.26,5.22,5.26,15074500,0,0
2020-04-15 00:00:00.000000000,1586880000000000000,5.28,5.28,5.23,5.25,11363700,0,0
2020-04-16 00:00:00.000000000,1586966400000000000,5.24,5.25,5.2,5.24,26907900,0,0
2020-04-17 00:00:00.000000000,1587052800000000000,5.24,5.26,5.21,5.26,29661300,0,0
2020-04-20 00:00:00.000000000,1587312000000000000,5.25,5.25,5.21,5.23,16013600,0,0
2020-04-21 00:00:00.000000000,1587398400000000000,5.2,5.23,5.18,5.19,12924300,0,0
2020-04-22 00:00:00.000000000,1587484800000000000,5.18,5.18,5.14,5.15,18208000,0,0
2020-04-23 00:00:00.000000000,1587571200000000000,5.16,5.16,5.1,5.1,17854500,0,0
2020-04-24 00:00:00.000000000,1587657600000000000,5.1,5.1,5.05,5.06,22364400,0,0
2020-04-27 00:00:00.000000000,1587916800000000000,5.07,5.13,5.06,5.07,29051600,0,0
2020-04-28 00:00:00.000000000,1588003200000000000,5.06,5.07,4.94,5.02,27169500,0,0
2020-04-29 00:00:00.000000000,1588089600000000000,5.02,5.13,5.02,5.13,37886300,0,0
2020-04-30 00:00:00.000000000,1588176000000000000,5.15,5.23,5.14,5.22,40750400,0,0
2020-05-06 00:00:00.000000000,1588694400000000000,5.16,5.17,5.11,5.16,46024700,0,0
2020-05-07 00:00:00.000000000,1588780800000000000,5.14,5.15,5.12,5.15,22213200,0,0
2020-05-08 00:00:00.000000000,1588867200000000000,5.14,5.18,5.14,5.17,20602500,0,0
2020-05-11 00:00:00.000000000,1589126400000000000,5.17,5.19,5.15,5.18,22600900,0,0
2020-05-12 00:00:00.000000000,1589212800000000000,5.18,5.22,5.15,5.16,20128500,0,0
2020-05-13 00:00:00.000000000,1589299200000000000,5.15,5.16,5.11,5.15,28774000,0,0
2020-05-14 00:00:00.000000000,1589385600000000000,5.14,5.14,5.06,5.1,39790200,0,0
2020-05-15 00:00:00.000000000,1589472000000000000,5.08,5.09,5.04,5.08,32817500,0,0
2020-05-18 00:00:00.000000000,1589731200000000000,5.08,5.08,5.03,5.07,28567600,0,0
2020-05-19 00:00:00.000000000,1589817600000000000,5.07,5.1,5.06,5.1,19166700,0,0
2020-05-20 00:00:00.000000000,1589904000000000000,5.09,5.11,5.07,5.1,14492500,0,0
2020-05-21 00:00:00.000000000,1589990400000000000,5.09,5.11,5.07,5.11,19384000,0,0
2020-05-22 00:00:00.000000000,1590076800000000000,5.1,5.1,5.05,5.08,19981600,0,0
2020-05-25 00:00:00.000000000,1590336000000000000,5.07,5.09,5.04,5.09,20654400,0,0
2020-05-26 00:00:00.000000000,1590422400000000000,5.09,5.11,5.07,5.09,18572300,0,0
2020-05-27 00:00:00.000000000,1590508800000000000,5.09,5.09,5.04,5.08,23841000,0,0
2020-05-28 00:00:00.000000000,1590595200000000000,5.08,5.11,5.05,5.1,38624200,0,0
2020-05-29 00:00:00.000000000,1590681600000000000,5.07,5.09,5.04,5.08,37978300,0,0
2020-06-01 00:00:00.000000000,1590940800000000000,5.09,5.11,5.08,5.1,50729900,0,0
2020-06-02 00:00:00.000000000,1591027200000000000,5.09,5.1,5.07,5.1,34983100,0,0
2020-06-03 00:00:00.000000000,1591113600000000000,5.1,5.15,5.09,5.14,45786600,0,0
2020-06-04 00:00:00.000000000,1591200000000000000,5.15,5.16,5.1,5.14,35676000,0,0
2020-06-05 00:00:00.000000000,1591286400000000000,5.12,5.15,5.11,5.15,20551700,0,0
2020-06-08 00:00:00.000000000,1591545600000000000,5.15,5.22,5.15,5.22,51271300,0,0
2020-06-09 00:00:00.000000000,1591632000000000000,5.22,5.27,5.19,5.22,40739700,0,0
2020-06-10 00:00:00.000000000,1591718400000000000,4.88,4.89,4.71,4.85,412024700,0,0
2020-06-11 00:00:00.000000000,1591804800000000000,4.77,4.82,4.74,4.76,166235400,0,0
2020-06-12 00:00:00.000000000,1591891200000000000,4.73,4.75,4.7,4.7,174041500,0,0
2020-06-15 00:00:00.000000000,1592150400000000000,4.7,4.7,4.63,4.66,116282000,0,0
2020-06-16 00:00:00.000000000,1592236800000000000,4.67,4.68,4.65,4.68,66496300,0,0
2020-06-17 00:00:00.000000000,1592323200000000000,4.66,4.67,4.6,4.64,71443600,0,0
2020-06-18 00:00:00.000000000,1592409600000000000,4.62,4.63,4.58,4.62,84095600,0,0
2020-06-19 00:00:00.000000000,1592496000000000000,4.61,4.62,4.58,4.62,89210000,0,0
2020-06-22 00:00:00.000000000,1592755200000000000,4.61,4.63,4.59,4.61,87084700,0,0
2020-06-23 00:00:00.000000000,1592841600000000000,4.59,4.6,4.55,4.56,74522100,0,0
2020-06-24 00:00:00.000000000,1592928000000000000,4.56,4.6,4.55,4.58,64497500,0,0
2020-06-29 00:00:00.000000000,1593360000000000000,4.6,4.62,4.54,4.55,68241700,0,0
2020-06-30 00:00:00.000000000,1593446400000000000,4.56,4.57,4.53,4.57,61311400,0,0
2020-07-01 00:00:00.000000000,1593532800000000000,4.55,4.61,4.54,4.6,74707800,0,0
2020-07-02 00:00:00.000000000,1593619200000000000,4.58,4.67,4.58,4.67,161922500,0,0
2020-07-03 00:00:00.000000000,1593705600000000000,4.67,4.79,4.66,4.77,178948000,0,0
2020-07-06 00:00:00.000000000,1593964800000000000,4.82,5.25,4.82,5.25,353926900,0,0
2020-07-07 00:00:00.000000000,1594051200000000000,5.49,5.49,5.12,5.19,355993400,0,0
2020-07-08 00:00:00.000000000,1594137600000000000,5.12,5.26,5.1,5.19,226411200,0,0
2020-07-09 00:00:00.000000000,1594224000000000000,5.18,5.21,5.12,5.15,162173400,0,0
2020-07-10 00:00:00.000000000,1594310400000000000,5.12,5.12,4.88,4.9,217479100,0,0
2020-07-13 00:00:00.000000000,1594569600000000000,4.86,4.96,4.85,4.94,162141600,0,0
2020-07-14 00:00:00.000000000,1594656000000000000,4.9,4.94,4.84,4.88,115349000,0,0
2020-07-15 00:00:00.000000000,1594742400000000000,4.89,4.9,4.79,4.81,112737000,0,0
2020-07-16 00:00:00.000000000,1594828800000000000,4.82,4.88,4.76,4.77,130615900,0,0
2020-07-17 00:00:00.000000000,1594915200000000000,4.78,4.79,4.68,4.72,107774400,0,0
2020-07-20 00:00:00.000000000,1595174400000000000,4.73,4.82,4.71,4.81,94355400,0,0
2020-07-21 00:00:00.000000000,1595260800000000000,4.83,4.84,4.75,4.77,71695900,0,0
2020-07-22 00:00:00.000000000,1595347200000000000,4.78,4.84,4.74,4.79,93067100,0,0
2020-07-23 00:00:00.000000000,1595433600000000000,4.75,4.76,4.65,4.71,99144500,0,0
2020-07-24 00:00:00.000000000,1595520000000000000,4.7,4.73,4.6,4.62,107116500,0,0
2020-07-27 00:00:00.000000000,1595779200000000000,4.62,4.64,4.57,4.59,61245696,0,0
2020-07-28 00:00:00.000000000,1595865600000000000,4.6,4.64,4.59,4.61,54763854,0,0
2020-07-29 00:00:00.000000000,1595952000000000000,4.6,4.66,4.58,4.66,60365084,0,0
2020-07-30 00:00:00.000000000,1596038400000000000,4.65,4.67,4.62,4.63,41734841,0,0
2020-07-31 00:00:00.000000000,1596124800000000000,4.63,4.66,4.62,4.64,48282465,0,0
2020-08-03 00:00:00.000000000,1596384000000000000,4.65,4.68,4.64,4.68,65382307,0,0
2020-08-04 00:00:00.000000000,1596470400000000000,4.68,4.76,4.65,4.75,100684873,0,0
2020-08-05 00:00:00.000000000,1596556800000000000,4.72,4.72,4.66,4.67,68822399,0,0
2020-08-06 00:00:00.000000000,1596643200000000000,4.68,4.7,4.63,4.66,62465634,0,0
2020-08-07 00:00:00.000000000,1596729600000000000,4.65,4.67,4.61,4.63,53988610,0,0
2020-08-10 00:00:00.000000000,1596988800000000000,4.63,4.67,4.61,4.66,43666085,0,0
2020-08-11 00:00:00.000000000,1597075200000000000,4.65,4.72,4.64,4.65,69031105,0,0
2020-08-12 00:00:00.000000000,1597161600000000000,4.63,4.65,4.59,4.63,72981687,0,0
2020-08-13 00:00:00.000000000,1597248000000000000,4.66,4.67,4.63,4.64,54112631,0,0
2020-08-14 00:00:00.000000000,1597334400000000000,4.65,4.69,4.63,4.69,56802534,0,0
2020-08-17 00:00:00.000000000,1597593600000000000,4.7,4.88,4.69,4.83,216070917,0,0
2020-08-18 00:00:00.000000000,1597680000000000000,4.8,4.83,4.75,4.78,99648275,0,0
2020-08-19 00:00:00.000000000,1597766400000000000,4.77,4.82,4.74,4.77,67153978,0,0
2020-08-20 00:00:00.000000000,1597852800000000000,4.75,4.76,4.7,4.7,59134603,0,0
2020-08-21 00:00:00.000000000,1597939200000000000,4.72,4.73,4.7,4.72,32958534,0,0
2020-08-24 00:00:00.000000000,1598198400000000000,4.71,4.72,4.68,4.69,52051469,0,0
2020-08-25 00:00:00.000000000,1598284800000000000,4.7,4.72,4.66,4.68,40652527,0,0
2020-08-26 00:00:00.000000000,1598371200000000000,4.67,4.69,4.6,4.63,58812362,0,0
2020-08-27 00:00:00.000000000,1598457600000000000,4.63,4.64,4.61,4.64,30847526,0,0
2020-08-28 00:00:00.000000000,1598544000000000000,4.63,4.68,4.61,4.68,54059183,0,0
2020-08-31 00:00:00.000000000,1598803200000000000,4.68,4.69,4.62,4.62,105896943,0,0
2020-09-01 00:00:00.000000000,1598889600000000000,4.61,4.65,4.6,4.63,46020587,0,0
2020-09-02 00:00:00.000000000,1598976000000000000,4.64,4.65,4.59,4.61,48181439,0,0
2020-09-03 00:00:00.000000000,1599062400000000000,4.61,4.62,4.59,4.62,38276704,0,0
2020-09-04 00:00:00.000000000,1599148800000000000,4.59,4.6,4.56,4.58,44152676,0,0
2020-09-07 00:00:00.000000000,1599408000000000000,4.58,4.6,4.56,4.57,37028731,0,0
2020-09-08 00:00:00.000000000,1599494400000000000,4.57,4.63,4.57,4.61,48477623,0,0
2020-09-09 00:00:00.000000000,1599580800000000000,4.59,4.61,4.58,4.59,48096783,0,0
2020-09-10 00:00:00.000000000,1599667200000000000,4.59,4.61,4.55,4.57,43395371,0,0
2020-09-11 00:00:00.000000000,1599753600000000000,4.56,4.58,4.55,4.58,31029052,0,0
2020-09-14 00:00:00.000000000,1600012800000000000,4.59,4.6,4.56,4.59,27784999,0,0
2020-09-15 00:00:00.000000000,1600099200000000000,4.59,4.59,4.57,4.58,22223121,0,0
2020-09-16 00:00:00.000000000,1600185600000000000,4.59,4.6,4.57,4.58,29585920,0,0
2020-09-17 00:00:00.000000000,1600272000000000000,4.58,4.58,4.56,4.57,23302835,0,0
2020-09-18 00:00:00.000000000,1600358400000000000,4.57,4.62,4.56,4.62,50756337,0,0
2020-09-21 00:00:00.000000000,1600617600000000000,4.62,4.63,4.59,4.6,29862817,0,0
2020-09-22 00:00:00.000000000,1600704000000000000,4.58,4.62,4.56,4.57,41097626,0,0
2020-09-23 00:00:00.000000000,1600790400000000000,4.58,4.58,4.55,4.56,37287516,0,0
2020-09-24 00:00:00.000000000,1600876800000000000,4.55,4.55,4.49,4.49,49991206,0,0
2020-09-25 00:00:00.000000000,1600963200000000000,4.49,4.51,4.48,4.49,22050706,0,0
2020-09-28 00:00:00.000000000,1601222400000000000,4.49,4.51,4.47,4.5,25696718,0,0
2020-09-29 00:00:00.000000000,1601308800000000000,4.5,4.54,4.49,4.53,31184184,0,0
2020-09-30 00:00:00.000000000,1601395200000000000,4.52,4.54,4.5,4.51,21426470,0,0
2020-10-09 00:00:00.000000000,1602172800000000000,4.52,4.54,4.51,4.52,24241292,0,0
2020-10-12 00:00:00.000000000,1602432000000000000,4.52,4.58,4.52,4.57,39397986,0,0
2020-10-13 00:00:00.000000000,1602518400000000000,4.57,4.64,4.54,4.59,65431652,0,0
2020-10-14 00:00:00.000000000,1602604800000000000,4.6,4.64,4.57,4.6,39830068,0,0
2020-10-15 00:00:00.000000000,1602691200000000000,4.59,4.64,4.58,4.62,42879773,0,0
2020-10-16 00:00:00.000000000,1602777600000000000,4.61,4.71,4.6,4.69,103886041,0,0
2020-10-19 00:00:00.000000000,1603036800000000000,4.7,4.77,4.65,4.67,119145608,0,0
2020-10-20 00:00:00.000000000,1603123200000000000,4.65,4.67,4.6,4.64,56803517,0,0
2020-10-21 00:00:00.000000000,1603209600000000000,4.65,4.67,4.6,4.67,60742262,0,0
2020-10-22 00:00:00.000000000,1603296000000000000,4.66,4.68,4.63,4.66,32152550,0,0
2020-10-23 00:00:00.000000000,1603382400000000000,4.65,4.71,4.64,4.67,45837350,0,0
2020-10-26 00:00:00.000000000,1603641600000000000,4.66,4.7,4.62,4.64,38362674,0,0
2020-10-27 00:00:00.000000000,1603728000000000000,4.61,4.63,4.58,4.6,37087493,0,0
2020-10-28 00:00:00.000000000,1603814400000000000,4.58,4.6,4.52,4.55,33969284,0,0
2020-10-29 00:00:00.000000000,1603900800000000000,4.51,4.54,4.5,4.52,23821285,0,0
2020-10-30 00:00:00.000000000,1603987200000000000,4.59,4.73,4.58,4.6,110423507,0,0
2020-11-02 00:00:00.000000000,1604246400000000000,4.66,4.71,4.61,4.69,84925463,0,0
2020-11-03 00:00:00.000000000,1604332800000000000,4.71,4.75,4.65,4.67,61564446,0,0
2020-11-04 00:00:00.000000000,1604419200000000000,4.73,4.74,4.67,4.71,52494799,0,0
2020-11-05 00:00:00.000000000,1604505600000000000,4.74,4.76,4.68,4.71,62518343,0,0
2020-11-06 00:00:00.000000000,1604592000000000000,4.73,4.79,4.7,4.78,83384924,0,0
2020-11-09 00:00:00.000000000,1604851200000000000,4.78,4.79,4.72,4.76,69316226,0,0
2020-11-10 00:00:00.000000000,1604937600000000000,4.77,4.85,4.76,4.78,90780495,0,0
2020-11-11 00:00:00.000000000,1605024000000000000,4.78,4.86,4.75,4.83,82638728,0,0
2020-11-12 00:00:00.000000000,1605110400000000000,4.83,4.84,4.78,4.81,43809706,0,0
2020-11-13 00:00:00.000000000,1605196800000000000,4.8,4.86,4.66,4.69,84965708,0,0
2020-11-16 00:00:00.000000000,1605456000000000000,4.69,4.75,4.66,4.71,66584976,0,0
2020-11-17 00:00:00.000000000,1605542400000000000,4.71,4.73,4.66,4.71,54467268,0,0
2020-11-18 00:00:00.000000000,1605628800000000000,4.7,4.83,4.68,4.79,96623129,0,0
2020-11-19 00:00:00.000000000,1605715200000000000,4.8,4.82,4.76,4.8,42583034,0,0
2020-11-20 00:00:00.000000000,1605801600000000000,4.77,4.8,4.73,4.75,39434937,0,0
2020-11-23 00:00:00.000000000,1606060800000000000,4.74,4.86,4.72,4.83,85027032,0,0
2020-11-24 00:00:00.000000000,1606147200000000000,4.83,4.91,4.81,4.9,105246399,0,0
2020-11-25 00:00:00.000000000,1606233600000000000,4.96,5.18,4.95,5.0,165937222,0,0
2020-11-26 00:00:00.000000000,1606320000000000000,5.0,5.08,4.98,5.04,100482066,0,0
2020-11-27 00:00:00.000000000,1606406400000000000,5.06,5.18,5.06,5.18,161787209,0,0
2020-11-30 00:00:00.000000000,1606665600000000000,5.28,5.57,5.08,5.23,385752185,0,0
2020-12-01 00:00:00.000000000,1606752000000000000,5.11,5.33,5.11,5.26,257749162,0,0
2020-12-02 00:00:00.000000000,1606838400000000000,5.22,5.25,5.06,5.1,152064434,0,0
2020-12-03 00:00:00.000000000,1606924800000000000,5.12,5.14,5.03,5.12,88380832,0,0
2020-12-04 00:00:00.000000000,1607011200000000000,5.06,5.11,4.89,5.0,85034416,0,0
2020-12-07 00:00:00.000000000,1607270400000000000,4.99,5.04,4.85,4.91,122518018,0,0
2020-12-08 00:00:00.000000000,1607356800000000000,4.88,4.9,4.8,4.85,99095299,0,0
2020-12-09 00:00:00.000000000,1607443200000000000,4.83,4.89,4.81,4.87,70449745,0,0
2020-12-10 00:00:00.000000000,1607529600000000000,4.86,4.91,4.81,4.85,61017245,0,0
2020-12-11 00:00:00.000000000,1607616000000000000,4.83,4.95,4.83,4.92,98422882,0,0
2020-12-14 00:00:00.000000000,1607875200000000000,4.93,4.94,4.8,4.85,86827012,0,0
2020-12-15 00:00:00.000000000,1607961600000000000,4.83,4.84,4.76,4.79,40163330,0,0
2020-12-16 00:00:00.000000000,1608048000000000000,4.78,4.85,4.77,4.81,41736554,0,0
2020-12-17 00:00:00.000000000,1608134400000000000,4.81,4.87,4.77,4.87,35450859,0,0
2020-12-18 00:00:00.000000000,1608220800000000000,4.84,4.88,4.82,4.83,35742528,0,0
2020-12-21 00:00:00.000000000,1608480000000000000,4.81,4.89,4.8,4.84,38319189,0,0
2020-12-22 00:00:00.000000000,1608566400000000000,4.83,4.88,4.77,4.77,35660241,0,0
2020-12-23 00:00:00.000000000,1608652800000000000,4.78,4.81,4.7,4.72,48987232,0,0
2020-12-24 00:00:00.000000000,1608739200000000000,4.73,4.77,4.71,4.72,25859440,0,0
2020-12-25 00:00:00.000000000,1608825600000000000,4.71,4.73,4.68,4.72,28669564,0,0
2020-12-28 00:00:00.000000000,1609084800000000000,4.71,4.79,4.68,4.75,46323716,0,0
2020-12-29 00:00:00.000000000,1609171200000000000,4.76,4.8,4.71,4.73,36026744,0,0
2020-12-30 00:00:00.000000000,1609257600000000000,4.72,4.76,4.7,4.75,34141832,0,0
2020-12-31 00:00:00.000000000,1609344000000000000,4.73,4.83,4.73,4.78,71064288,0,0
2021-01-04 00:00:00.000000000,1609689600000000000,4.76,4.76,4.59,4.68,158871521,0,0
2021-01-05 00:00:00.000000000,1609776000000000000,4.65,4.71,4.62,4.68,72824740,0,0
2021-01-06 00:00:00.000000000,1609862400000000000,4.65,4.72,4.65,4.71,54894796,0,0
2021-01-07 00:00:00.000000000,1609948800000000000,4.71,4.75,4.65,4.71,54545492,0,0
2021-01-08 00:00:00.000000000,1610035200000000000,4.69,4.8,4.68,4.79,56781028,0,0
2021-01-11 00:00:00.000000000,1610294400000000000,4.78,4.94,4.77,4.87,153633999,0,0
2021-01-12 00:00:00.000000000,1610380800000000000,4.84,4.86,4.73,4.84,95889971,0,0
2021-01-13 00:00:00.000000000,1610467200000000000,4.86,4.92,4.83,4.9,99127162,0,0
2021-01-14 00:00:00.000000000,1610553600000000000,4.94,5.12,4.91,5.02,172564038,0,0
2021-01-15 00:00:00.000000000,1610640000000000000,5.18,5.52,5.18,5.44,729194917,0,0
2021-01-18 00:00:00.000000000,1610899200000000000,5.3,5.36,5.19,5.27,484255287,0,0
2021-01-19 00:00:00.000000000,1610985600000000000,5.26,5.64,5.22,5.36,401409630,0,0
2021-01-20 00:00:00.000000000,1611072000000000000,5.33,5.47,5.26,5.36,206746131,0,0
2021-01-21 00:00:00.000000000,1611158400000000000,5.45,5.65,5.36,5.59,376115800,0,0
2021-01-22 00:00:00.000000000,1611244800000000000,5.51,5.54,5.33,5.4,228420112,0,0
2021-01-25 00:00:00.000000000,1611504000000000000,5.35,5.48,5.19,5.43,204116047,0,0
2021-01-26 00:00:00.000000000,1611590400000000000,5.42,5.62,5.38,5.48,224143275,0,0
2021-01-27 00:00:00.000000000,1611676800000000000,5.45,5.71,5.43,5.56,280536776,0,0
2021-01-28 00:00:00.000000000,1611763200000000000,5.42,5.47,5.34,5.36,170880323,0,0
2021-01-29 00:00:00.000000000,1611849600000000000,5.41,5.52,5.35,5.48,221700792,0,0
2021-02-01 00:00:00.000000000,1612108800000000000,5.45,5.68,5.36,5.6,279492824,0,0
2021-02-02 00:00:00.000000000,1612195200000000000,5.51,5.56,5.45,5.48,172310036,0,0
2021-02-03 00:00:00.000000000,1612281600000000000,5.48,5.67,5.47,5.57,222965527,0,0
2021-02-04 00:00:00.000000000,1612368000000000000,5.56,5.92,5.52,5.78,347310165,0,0
2021-02-05 00:00:00.000000000,1612454400000000000,5.83,6.28,5.83,6.1,418317068,0,0
2021-02-08 00:00:00.000000000,1612713600000000000,6.15,6.23,5.97,6.2,343377788,0,0
2021-02-09 00:00:00.000000000,1612800000000000000,6.21,6.27,6.02,6.27,230080532,0,0
2021-02-10 00:00:00.000000000,1612886400000000000,6.28,6.46,6.11,6.18,259971219,0,0
2021-02-18 00:00:00.000000000,1613577600000000000,6.25,6.39,6.15,6.24,232168111,0,0
2021-02-19 00:00:00.000000000,1613664000000000000,6.24,6.24,6.01,6.11,220606293,0,0
2021-02-22 00:00:00.000000000,1613923200000000000,6.12,6.14,5.98,6.02,197334609,0,0
2021-02-23 00:00:00.000000000,1614009600000000000,6.01,6.27,6.0,6.09,228350287,0,0
2021-02-24 00:00:00.000000000,1614096000000000000,6.09,6.12,5.87,5.93,191767321,0,0
2021-02-25 00:00:00.000000000,1614182400000000000,5.97,6.24,5.94,6.2,263878919,0,0
2021-02-26 00:00:00.000000000,1614268800000000000,6.03,6.14,5.96,6.12,241877618,0,0
2021-03-01 00:00:00.000000000,1614528000000000000,6.04,6.09,5.97,6.02,114803891,0,0
2021-03-02 00:00:00.000000000,1614614400000000000,6.06,6.08,5.8,5.91,165473866,0,0
2021-03-03 00:00:00.000000000,1614700800000000000,5.86,6.19,5.83,6.15,215944008,0,0
2021-03-04 00:00:00.000000000,1614787200000000000,6.09,6.18,6.01,6.11,165299280,0,0
2021-03-05 00:00:00.000000000,1614873600000000000,6.02,6.19,5.94,6.16,190841681,0,0
2021-03-08 00:00:00.000000000,1615132800000000000,6.19,6.44,6.08,6.09,254232859,0,0
2021-03-09 00:00:00.000000000,1615219200000000000,6.15,6.2,5.87,5.9,238751598,0,0
2021-03-10 00:00:00.000000000,1615305600000000000,5.85,5.9,5.72,5.74,170938570,0,0
2021-03-11 00:00:00.000000000,1615392000000000000,5.79,5.96,5.78,5.9,148763127,0,0
2021-03-12 00:00:00.000000000,1615478400000000000,5.91,5.96,5.79,5.94,151844945,0,0
2021-03-15 00:00:00.000000000,1615737600000000000,5.95,6.05,5.9,5.95,106478019,0,0
2021-03-16 00:00:00.000000000,1615824000000000000,5.97,6.15,5.94,6.14,169522922,0,0
2021-03-17 00:00:00.000000000,1615910400000000000,6.12,6.12,5.96,6.01,134238973,0,0
2021-03-18 00:00:00.000000000,1615996800000000000,6.0,6.1,5.91,5.94,147932362,0,0
2021-03-19 00:00:00.000000000,1616083200000000000,5.94,5.97,5.78,5.84,114417301,0,0
2021-03-22 00:00:00.000000000,1616342400000000000,5.84,5.94,5.8,5.92,102426857,0,0
2021-03-23 00:00:00.000000000,1616428800000000000,5.92,5.95,5.84,5.88,64498621,0,0
2021-03-24 00:00:00.000000000,1616515200000000000,5.85,5.86,5.7,5.77,90782401,0,0
2021-03-25 00:00:00.000000000,1616601600000000000,5.75,5.79,5.65,5.67,78834717,0,0
2021-03-26 00:00:00.000000000,1616688000000000000,5.69,5.77,5.67,5.74,65230722,0,0
2021-03-29 00:00:00.000000000,1616947200000000000,5.75,5.85,5.7,5.85,86711967,0,0
2021-03-30 00:00:00.000000000,1617033600000000000,5.85,5.89,5.76,5.87,108355705,0,0
2021-03-31 00:00:00.000000000,1617120000000000000,5.86,5.91,5.76,5.87,109682121,0,0
2021-04-01 00:00:00.000000000,1617206400000000000,5.85,5.86,5.72,5.76,90518062,0,0
2021-04-02 00:00:00.000000000,1617292800000000000,5.75,5.76,5.64,5.67,115448154,0,0
2021-04-06 00:00:00.000000000,1617638400000000000,5.7,5.77,5.65,5.75,76912341,0,0
2021-04-07 00:00:00.000000000,1617724800000000000,5.73,5.76,5.68,5.73,73268956,0,0
2021-04-08 00:00:00.000000000,1617811200000000000,5.7,5.74,5.65,5.65,83693690,0,0
2021-04-09 00:00:00.000000000,1617897600000000000,5.65,5.67,5.56,5.58,84529587,0,0
2021-04-12 00:00:00.000000000,1618156800000000000,5.59,5.6,5.51,5.6,89874251,0,0
2021-04-13 00:00:00.000000000,1618243200000000000,5.6,5.68,5.56,5.65,104250819,0,0
2021-04-14 00:00:00.000000000,1618329600000000000,5.63,5.68,5.57,5.64,73464732,0,0
2021-04-15 00:00:00.000000000,1618416000000000000,5.67,5.67,5.47,5.5,109948598,0,0
2021-04-16 00:00:00.000000000,1618502400000000000,5.52,5.52,5.42,5.49,83988562,0,0
2021-04-19 00:00:00.000000000,1618761600000000000,5.48,5.49,5.41,5.45,137883547,0,0
2021-04-20 00:00:00.000000000,1618848000000000000,5.44,5.54,5.42,5.49,92456788,0,0
2021-04-21 00:00:00.000000000,1618934400000000000,5.45,5.65,5.44,5.61,121966424,0,0
2021-04-22 00:00:00.000000000,1619020800000000000,5.62,5.64,5.48,5.52,89020983,0,0
2021-04-23 00:00:00.000000000,1619107200000000000,5.49,5.56,5.47,5.51,58901206,0,0
2021-04-26 00:00:00.000000000,1619366400000000000,5.52,5.56,5.43,5.43,69364290,0,0
2021-04-27 00:00:00.000000000,1619452800000000000,5.42,5.47,5.39,5.44,43375653,0,0
2021-04-28 00:00:00.000000000,1619539200000000000,5.43,5.43,5.35,5.39,71816093,0,0
2021-04-29 00:00:00.000000000,1619625600000000000,5.38,5.5,5.37,5.46,115771885,0,0
2021-04-30 00:00:00.000000000,1619712000000000000,5.43,5.43,4.97,5.09,481397945,0,0
2021-05-06 00:00:00.000000000,1620230400000000000,5.12,5.17,5.1,5.11,177748181,0,0
2021-05-07 00:00:00.000000000,1620316800000000000,5.11,5.23,5.08,5.15,126712981,0,0
2021-05-10 00:00:00.000000000,1620576000000000000,5.16,5.36,5.15,5.35,221599400,0,0
2021-05-11 00:00:00.000000000,1620662400000000000,5.32,5.34,5.24,5.32,75878170,0,0
2021-05-12 00:00:00.000000000,1620748800000000000,5.31,5.38,5.26,5.34,101160878,0,0
2021-05-13 00:00:00.000000000,1620835200000000000,5.29,5.41,5.28,5.36,111539357,0,0
2021-05-14 00:00:00.000000000,1620921600000000000,5.39,5.4,5.31,5.39,83183089,0,0
2021-05-17 00:00:00.000000000,1621180800000000000,5.39,5.4,5.3,5.37,114277083,0,0
2021-05-18 00:00:00.000000000,1621267200000000000,5.36,5.37,5.18,5.27,131361929,0,0
2021-05-19 00:00:00.000000000,1621353600000000000,5.24,5.24,5.15,5.18,102762553,0,0
2021-05-20 00:00:00.000000000,1621440000000000000,5.19,5.27,5.13,5.27,106824929,0,0
2021-05-21 00:00:00.000000000,1621526400000000000,5.25,5.27,5.14,5.16,121474712,0,0
2021-05-24 00:00:00.000000000,1621785600000000000,5.17,5.2,5.09,5.11,102383860,0,0
2021-05-25 00:00:00.000000000,1621872000000000000,5.12,5.29,5.1,5.27,169096228,0,0
2021-05-26 00:00:00.000000000,1621958400000000000,5.3,5.56,5.28,5.45,278065292,0,0
2021-05-27 00:00:00.000000000,1622044800000000000,5.4,5.41,5.3,5.34,163891308,0,0
2021-05-28 00:00:00.000000000,1622131200000000000,5.36,5.68,5.36,5.57,335779644,0,0
2021-05-31 00:00:00.000000000,1622390400000000000,5.68,5.68,5.48,5.6,188610514,0,0
2021-06-01 00:00:00.000000000,1622476800000000000,5.57,5.59,5.47,5.54,141342559,0,0
2021-06-02 00:00:00.000000000,1622563200000000000,5.51,5.55,5.43,5.48,125914839,0,0
2021-06-03 00:00:00.000000000,1622649600000000000,5.49,5.54,5.42,5.45,109898250,0,0
2021-06-04 00:00:00.000000000,1622736000000000000,5.44,5.54,5.39,5.53,171309603,0,0
2021-06-07 00:00:00.000000000,1622995200000000000,5.48,5.49,5.41,5.44,148830958,0,0
2021-06-08 00:00:00.000000000,1623081600000000000,5.43,5.44,5.33,5.42,163854031,0,0
2021-06-09 00:00:00.000000000,1623168000000000000,5.41,5.41,5.31,5.35,144849866,0,0
2021-06-10 00:00:00.000000000,1623254400000000000,5.33,5.41,5.32,5.38,120968078,0,0
2021-06-11 00:00:00.000000000,1623340800000000000,5.36,5.38,5.26,5.27,184487930,0,0
2021-06-15 00:00:00.000000000,1623686400000000000,5.28,5.3,5.18,5.24,162152434,0,0
2021-06-16 00:00:00.000000000,1623772800000000000,5.25,5.38,5.21,5.31,143173360,0,0
2021-06-17 00:00:00.000000000,1623859200000000000,5.32,5.33,5.2,5.22,128434431,0,0
2021-06-18 00:00:00.000000000,1623945600000000000,5.2,5.2,5.14,5.16,109407586,0,0
2021-06-21 00:00:00.000000000,1624204800000000000,5.14,5.15,5.01,5.06,238379478,0,0
2021-06-22 00:00:00.000000000,1624291200000000000,5.06,5.11,4.98,5.0,217799562,0,0
2021-06-23 00:00:00.000000000,1624377600000000000,5.0,5.03,4.93,4.99,196626091,0,0
2021-06-24 00:00:00.000000000,1624464000000000000,4.99,5.02,4.97,5.01,85341603,0,0
2021-06-25 00:00:00.000000000,1624550400000000000,5.02,5.09,5.0,5.09,147308603,0,0
2021-06-28 00:00:00.000000000,1624809600000000000,5.08,5.09,4.98,5.0,126674045,0,0
2021-06-29 00:00:00.000000000,1624896000000000000,4.99,5.03,4.94,5.01,162672937,0,0
2021-06-30 00:00:00.000000000,1624982400000000000,5.01,5.03,4.99,5.02,108327131,0,0
2021-07-01 00:00:00.000000000,1625068800000000000,5.03,5.07,5.0,5.04,119932119,0,0
2021-07-02 00:00:00.000000000,1625155200000000000,5.03,5.04,4.98,5.0,94608476,0,0
2021-07-05 00:00:00.000000000,1625414400000000000,5.0,5.0,4.91,4.94,124686250,0,0
2021-07-06 00:00:00.000000000,1625500800000000000,4.93,4.95,4.89,4.95,140256385,0,0
2021-07-07 00:00:00.000000000,1625587200000000000,4.92,4.95,4.85,4.86,233790686,0,0
2021-07-08 00:00:00.000000000,1625673600000000000,4.88,4.88,4.77,4.8,127088147,0,0
2021-07-09 00:00:00.000000000,1625760000000000000,4.77,4.81,4.73,4.76,119601850,0,0
2021-07-12 00:00:00.000000000,1626019200000000000,4.8,4.81,4.71,4.74,155871081,0,0
2021-07-13 00:00:00.000000000,1626105600000000000,4.74,4.78,4.7,4.77,123503042,0,0
2021-07-14 00:00:00.000000000,1626192000000000000,4.78,4.8,4.73,4.78,131334531,0,0
2021-07-15 00:00:00.000000000,1626278400000000000,4.77,5.03,4.75,4.99,306820496,0,0
2021-07-16 00:00:00.000000000,1626364800000000000,4.94,5.05,4.92,5.03,184851897,0,0
2021-07-19 00:00:00.000000000,1626624000000000000,5.01,5.12,4.95,5.12,183151204,0,0
2021-07-20 00:00:00.000000000,1626710400000000000,5.09,5.09,4.98,4.99,109771629,0,0
2021-07-21 00:00:00.000000000,1626796800000000000,4.99,5.04,4.95,4.97,89255692,0,0
2021-07-22 00:00:00.000000000,1626883200000000000,4.78,4.9,4.76,4.8,132310970,0,0
2021-07-23 00:00:00.000000000,1626969600000000000,4.78,4.87,4.72,4.85,127557254,0,0
2021-07-26 00:00:00.000000000,1627228800000000000,4.82,4.92,4.74,4.85,180248357,0,0
2021-07-27 00:00:00.000000000,1627315200000000000,4.81,4.9,4.79,4.82,163489238,0,0
2021-07-28 00:00:00.000000000,1627401600000000000,4.8,4.95,4.79,4.93,206554888,0,0
2021-07-29 00:00:00.000000000,1627488000000000000,4.93,4.93,4.78,4.81,149945594,0,0
2021-07-30 00:00:00.000000000,1627574400000000000,4.8,4.8,4.66,4.69,124749750,0,0
2021-08-02 00:00:00.000000000,1627833600000000000,4.71,4.87,4.63,4.84,158369256,0,0
2021-08-03 00:00:00.000000000,1627920000000000000,4.81,4.89,4.77,4.82,115880361,0,0
2021-08-04 00:00:00.000000000,1628006400000000000,4.86,4.9,4.82,4.87,87457271,0,0
2021-08-05 00:00:00.000000000,1628092800000000000,4.86,4.93,4.85,4.88,68724218,0,0
2021-08-06 00:00:00.000000000,1628179200000000000,4.86,4.91,4.8,4.9,86185433,0,0
2021-08-09 00:00:00.000000000,1628438400000000000,4.9,5.04,4.88,5.0,142525955,0,0
2021-08-10 00:00:00.000000000,1628524800000000000,5.01,5.08,4.94,5.05,136162888,0,0
2021-08-11 00:00:00.000000000,1628611200000000000,5.07,5.33,5.07,5.31,294859309,0,0
2021-08-12 00:00:00.000000000,1628697600000000000,5.27,5.34,5.25,5.27,119214381,0,0
2021-08-13 00:00:00.000000000,1628784000000000000,5.25,5.38,5.23,5.33,124812551,0,0
2021-08-16 00:00:00.000000000,1629043200000000000,5.39,5.4,5.23,5.27,131589409,0,0
2021-08-17 00:00:00.000000000,1629129600000000000,5.26,5.33,5.14,5.17,124036807,0,0
2021-08-18 00:00:00.000000000,1629216000000000000,5.19,5.34,5.17,5.32,188231843,0,0
2021-08-19 00:00:00.000000000,1629302400000000000,5.29,5.3,5.08,5.15,147238573,0,0
2021-08-20 00:00:00.000000000,1629388800000000000,5.15,5.18,5.03,5.17,119196005,0,0
2021-08-23 00:00:00.000000000,1629648000000000000,5.15,5.2,5.1,5.14,79691206,0,0
2021-08-24 00:00:00.000000000,1629734400000000000,5.11,5.18,5.07,5.08,110509669,0,0
2021-08-25 00:00:00.000000000,1629820800000000000,5.08,5.12,5.02,5.05,93828531,0,0
2021-08-26 00:00:00.000000000,1629907200000000000,5.04,5.06,4.97,4.99,76889556,0,0
2021-08-27 00:00:00.000000000,1629993600000000000,4.98,5.05,4.96,5.0,73416341,0,0
2021-08-30 00:00:00.000000000,1630252800000000000,5.04,5.08,4.93,4.99,116976397,0,0
2021-08-31 00:00:00.000000000,1630339200000000000,4.99,5.2,4.99,5.14,171674708,0,0
2021-09-01 00:00:00.000000000,1630425600000000000,5.13,5.37,5.11,5.35,305309779,0,0
2021-09-02 00:00:00.000000000,1630512000000000000,5.34,5.4,5.27,5.35,171365778,0,0
2021-09-03 00:00:00.000000000,1630598400000000000,5.36,5.43,5.23,5.34,168605001,0,0
2021-09-06 00:00:00.000000000,1630857600000000000,5.3,5.38,5.27,5.35,122703830,0,0
2021-09-07 00:00:00.000000000,1630944000000000000,5.36,5.48,5.29,5.41,175243925,0,0
2021-09-08 00:00:00.000000000,1631030400000000000,5.37,5.46,5.37,5.41,117176177,0,0
2021-09-09 00:00:00.000000000,1631116800000000000,5.39,5.5,5.36,5.46,149320345,0,0
2021-09-10 00:00:00.000000000,1631203200000000000,5.45,5.6,5.39,5.42,239032053,0,0
2021-09-13 00:00:00.000000000,1631462400000000000,5.39,5.56,5.34,5.5,250653837,0,0
2021-09-14 00:00:00.000000000,1631548800000000000,5.49,5.53,5.28,5.3,222583515,0,0
2021-09-15 00:00:00.000000000,1631635200000000000,5.28,5.33,5.22,5.25,137537561,0,0
2021-09-16 00:00:00.000000000,1631721600000000000,5.27,5.49,5.19,5.23,208950034,0,0
2021-09-17 00:00:00.000000000,1631808000000000000,5.23,5.24,5.11,5.15,138963300,0,0
2021-09-22 00:00:00.000000000,1632240000000000000,5.01,5.08,4.91,5.06,150402841,0,0
2021-09-23 00:00:00.000000000,1632326400000000000,5.09,5.15,4.96,5.0,159328816,0,0
2021-09-24 00:00:00.000000000,1632412800000000000,5.01,5.03,4.93,4.95,147189729,0,0
2021-09-27 00:00:00.000000000,1632672000000000000,4.94,5.01,4.88,4.9,156113708,0,0
2021-09-28 00:00:00.000000000,1632758400000000000,4.92,5.1,4.89,5.06,220838549,0,0
2021-09-29 00:00:00.000000000,1632844800000000000,5.01,5.14,5.0,5.09,217570948,0,0
2021-09-30 00:00:00.000000000,1632931200000000000,5.09,5.11,4.95,5.08,146523421,0,0
2021-10-08 00:00:00.000000000,1633622400000000000,5.07,5.18,5.06,5.12,136187001,0,0
2021-10-11 00:00:00.000000000,1633881600000000000,5.15,5.26,5.14,5.22,182011374,0,0
2021-10-12 00:00:00.000000000,1633968000000000000,5.17,5.26,5.09,5.14,141374395,0,0
2021-10-13 00:00:00.000000000,1634054400000000000,5.14,5.17,5.06,5.14,78080906,0,0
2021-10-14 00:00:00.000000000,1634140800000000000,5.13,5.15,5.08,5.13,64747726,0,0
2021-10-15 00:00:00.000000000,1634227200000000000,5.1,5.18,5.09,5.11,103320299,0,0
2021-10-18 00:00:00.000000000,1634486400000000000,5.12,5.25,5.09,5.23,178255142,0,0
2021-10-19 00:00:00.000000000,1634572800000000000,5.2,5.33,5.17,5.31,123064084,0,0
2021-10-20 00:00:00.000000000,1634659200000000000,5.32,5.38,5.27,5.29,121067625,0,0
2021-10-21 00:00:00.000000000,1634745600000000000,5.3,5.45,5.29,5.45,189458677,0,0
2021-10-22 00:00:00.000000000,1634832000000000000,5.45,5.48,5.37,5.43,125411540,0,0
2021-10-25 00:00:00.000000000,1635091200000000000,5.4,5.4,5.27,5.35,135951374,0,0
2021-10-26 00:00:00.000000000,1635177600000000000,5.32,5.4,5.29,5.32,92958735,0,0
2021-10-27 00:00:00.000000000,1635264000000000000,5.32,5.36,5.26,5.34,122936637,0,0
2021-10-28 00:00:00.000000000,1635350400000000000,5.33,5.38,5.3,5.34,118947666,0,0
2021-10-29 00:00:00.000000000,1635436800000000000,5.39,5.47,5.33,5.41,269032402,0,0
2021-11-01 00:00:00.000000000,1635696000000000000,5.4,5.74,5.38,5.62,332899315,0,0
2021-11-02 00:00:00.000000000,1635782400000000000,5.65,5.67,5.48,5.52,197479334,0,0
2021-11-03 00:00:00.000000000,1635868800000000000,5.55,5.56,5.36,5.41,125114226,0,0
2021-11-04 00:00:00.000000000,1635955200000000000,5.44,5.45,5.32,5.34,88397145,0,0
2021-11-05 00:00:00.000000000,1636041600000000000,5.32,5.42,5.3,5.39,117016704,0,0
2021-11-08 00:00:00.000000000,1636300800000000000,5.41,5.55,5.39,5.4,118076999,0,0
2021-11-09 00:00:00.000000000,1636387200000000000,5.44,5.46,5.26,5.34,105914789,0,0
2021-11-10 00:00:00.000000000,1636473600000000000,5.32,5.4,5.29,5.37,103806527,0,0
2021-11-11 00:00:00.000000000,1636560000000000000,5.37,5.42,5.32,5.41,132222509,0,0
2021-11-12 00:00:00.000000000,1636646400000000000,5.41,5.42,5.32,5.34,98848358,0,0
2021-11-15 00:00:00.000000000,1636905600000000000,5.32,5.37,5.3,5.35,63882853,0,0
2021-11-16 00:00:00.000000000,1636992000000000000,5.35,5.37,5.25,5.28,73968756,0,0
2021-11-17 00:00:00.000000000,1637078400000000000,5.27,5.28,5.18,5.19,112189023,0,0
2021-11-18 00:00:00.000000000,1637164800000000000,5.16,5.23,5.15,5.17,77714438,0,0
2021-11-19 00:00:00.000000000,1637251200000000000,5.17,5.23,5.13,5.22,118058076,0,0
2021-11-22 00:00:00.000000000,1637510400000000000,5.21,5.22,5.13,5.14,162773436,0,0
2021-11-23 00:00:00.000000000,1637596800000000000,5.14,5.2,5.13,5.17,96433256,0,0
2021-11-24 00:00:00.000000000,1637683200000000000,5.16,5.23,5.16,5.2,90744688,0,0
2021-11-25 00:00:00.000000000,1637769600000000000,5.19,5.25,5.18,5.22,74744680,0,0
2021-11-26 00:00:00.000000000,1637856000000000000,5.2,5.22,5.15,5.15,66432276,0,0
2021-11-29 00:00:00.000000000,1638115200000000000,5.11,5.16,5.08,5.09,85555037,0,0
2021-11-30 00:00:00.000000000,1638201600000000000,5.1,5.13,5.04,5.08,100413286,0,0
2021-12-01 00:00:00.000000000,1638288000000000000,5.11,5.22,5.08,5.2,94226652,0,0
2021-12-02 00:00:00.000000000,1638374400000000000,5.19,5.3,5.16,5.27,132858867,0,0
2021-12-03 00:00:00.000000000,1638460800000000000,5.27,5.28,5.17,5.25,102186312,0,0
2021-12-06 00:00:00.000000000,1638720000000000000,5.27,5.4,5.26,5.29,132347128,0,0
2021-12-07 00:00:00.000000000,1638806400000000000,5.34,5.42,5.3,5.37,197572002,0,0
2021-12-08 00:00:00.000000000,1638892800000000000,5.37,5.38,5.26,5.29,144618694,0,0
2021-12-09 00:00:00.000000000,1638979200000000000,5.29,5.38,5.27,5.35,144085858,0,0
2021-12-10 00:00:00.000000000,1639065600000000000,5.3,5.35,5.25,5.29,114703245,0,0
2021-12-13 00:00:00.000000000,1639324800000000000,5.3,5.38,5.28,5.28,153102484,0,0
2021-12-14 00:00:00.000000000,1639411200000000000,5.26,5.29,5.15,5.21,147794263,0,0
2021-12-15 00:00:00.000000000,1639497600000000000,5.19,5.31,5.17,5.29,138458248,0,0
2021-12-16 00:00:00.000000000,1639584000000000000,5.32,5.36,5.26,5.33,106289460,0,0
2021-12-17 00:00:00.000000000,1639670400000000000,5.33,5.35,5.27,5.28,73194217,0,0
2021-12-20 00:00:00.000000000,1639929600000000000,5.26,5.3,5.25,5.27,53582056,0,0
2021-12-21 00:00:00.000000000,1640016000000000000,5.28,5.36,5.26,5.32,75388495,0,0
2021-12-22 00:00:00.000000000,1640102400000000000,5.32,5.33,5.25,5.26,99985316,0,0
2021-12-23 00:00:00.000000000,1640188800000000000,5.27,5.31,5.26,5.3,71297934,0,0
2021-12-24 00:00:00.000000000,1640275200000000000,5.3,5.32,5.26,5.28,74809230,0,0
2021-12-27 00:00:00.000000000,1640534400000000000,5.29,5.3,5.2,5.22,70262261,0,0
2021-12-28 00:00:00.000000000,1640620800000000000,5.22,5.24,5.16,5.2,97343446,0,0
2021-12-29 00:00:00.000000000,1640707200000000000,5.2,5.21,5.12,5.14,104196500,0,0
2021-12-30 00:00:00.000000000,1640793600000000000,5.14,5.16,5.08,5.11,122403994,0,0
2021-12-31 00:00:00.000000000,1640880000000000000,5.11,5.15,5.08,5.1,108318819,0,0
2022-01-04 00:00:00.000000000,1641225600000000000,5.11,5.17,5.08,5.16,114587296,0,0
2022-01-05 00:00:00.000000000,1641312000000000000,5.16,5.32,5.14,5.32,217698405,0,0
2022-01-06 00:00:00.000000000,1641398400000000000,5.35,5.37,5.26,5.28,122707590,0,0
2022-01-07 00:00:00.000000000,1641484800000000000,5.29,5.53,5.29,5.52,287432511,0,0
2022-01-10 00:00:00.000000000,1641744000000000000,5.53,5.63,5.46,5.6,242682515,0,0
2022-01-11 00:00:00.000000000,1641830400000000000,5.63,5.73,5.53,5.63,231772865,0,0
2022-01-12 00:00:00.000000000,1641916800000000000,5.63,5.65,5.54,5.6,148058623,0,0
2022-01-13 00:00:00.000000000,1642003200000000000,5.56,5.72,5.55,5.64,123475176,0,0
2022-01-14 00:00:00.000000000,1642089600000000000,5.62,5.63,5.45,5.5,181702593,0,0
2022-01-17 00:00:00.000000000,1642348800000000000,5.51,5.57,5.41,5.52,156391958,0,0
2022-01-18 00:00:00.000000000,1642435200000000000,5.52,5.67,5.5,5.63,180439540,0,0
2022-01-19 00:00:00.000000000,1642521600000000000,5.63,5.67,5.59,5.65,108242261,0,0
2022-01-20 00:00:00.000000000,1642608000000000000,5.65,5.83,5.61,5.78,255633060,0,0
2022-01-21 00:00:00.000000000,1642694400000000000,5.75,5.79,5.68,5.74,174008756,0,0
2022-01-24 00:00:00.000000000,1642953600000000000,5.74,5.84,5.67,5.73,134537841,0,0
2022-01-25 00:00:00.000000000,1643040000000000000,5.71,5.82,5.66,5.69,146082417,0,0
2022-01-26 00:00:00.000000000,1643126400000000000,5.68,5.75,5.65,5.72,84335595,0,0
2022-01-27 00:00:00.000000000,1643212800000000000,5.72,5.72,5.61,5.65,97449116,0,0
2022-01-28 00:00:00.000000000,1643299200000000000,5.66,5.75,5.57,5.62,113921317,0,0
2022-02-07 00:00:00.000000000,1644163200000000000,5.7,5.89,5.7,5.79,166672671,0,0
2022-02-08 00:00:00.000000000,1644249600000000000,5.79,5.94,5.79,5.89,184344631,0,0
2022-02-09 00:00:00.000000000,1644336000000000000,5.9,5.99,5.85,5.88,154563395,0,0
2022-02-10 00:00:00.000000000,1644422400000000000,5.87,5.95,5.81,5.94,98675260,0,0
2022-02-11 00:00:00.000000000,1644508800000000000,5.93,6.09,5.89,6.02,186772861,0,0
2022-02-14 00:00:00.000000000,1644768000000000000,6.02,6.05,5.81,5.84,171923345,0,0
2022-02-15 00:00:00.000000000,1644854400000000000,5.83,5.88,5.59,5.64,279434474,0,0
2022-02-16 00:00:00.000000000,1644940800000000000,5.66,5.73,5.6,5.7,154711450,0,0
2022-02-17 00:00:00.000000000,1645027200000000000,5.72,5.81,5.67,5.72,104448208,0,0
2022-02-18 00:00:00.000000000,1645113600000000000,5.69,5.81,5.68,5.79,100013013,0,0
2022-02-21 00:00:00.000000000,1645372800000000000,5.76,5.77,5.62,5.71,138486916,0,0
2022-02-22 00:00:00.000000000,1645459200000000000,5.67,5.76,5.65,5.71,91198993,0,0
2022-02-23 00:00:00.000000000,1645545600000000000,5.7,5.74,5.61,5.64,135824894,0,0
2022-02-24 00:00:00.000000000,1645632000000000000,5.63,5.65,5.53,5.55,136494486,0,0
2022-02-25 00:00:00.000000000,1645718400000000000,5.59,5.62,5.49,5.54,127353465,0,0
2022-02-28 00:00:00.000000000,1645977600000000000,5.53,5.58,5.46,5.58,126671668,0,0
2022-03-01 00:00:00.000000000,1646064000000000000,5.52,5.7,5.5,5.67,161019999,0,0
2022-03-02 00:00:00.000000000,1646150400000000000,5.62,5.75,5.61,5.66,125697413,0,0
2022-03-03 00:00:00.000000000,1646236800000000000,5.71,5.83,5.68,5.81,144962859,0,0
2022-03-04 00:00:00.000000000,1646323200000000000,5.77,5.83,5.67,5.8,139506795,0,0
2022-03-07 00:00:00.000000000,1646582400000000000,5.76,5.87,5.7,5.74,132404978,0,0
2022-03-08 00:00:00.000000000,1646668800000000000,5.71,5.81,5.58,5.6,147655903,0,0
2022-03-09 00:00:00.000000000,1646755200000000000,5.63,5.67,5.28,5.47,172224806,0,0
2022-03-10 00:00:00.000000000,1646841600000000000,5.54,5.56,5.35,5.41,186261998,0,0
2022-03-11 00:00:00.000000000,1646928000000000000,5.3,5.38,5.18,5.36,179950950,0,0
2022-03-14 00:00:00.000000000,1647187200000000000,5.28,5.34,5.18,5.19,144886005,0,0
2022-03-15 00:00:00.000000000,1647273600000000000,5.18,5.18,4.85,4.89,319894506,0,0
2022-03-16 00:00:00.000000000,1647360000000000000,4.97,5.09,4.81,5.06,223237809,0,0
2022-03-17 00:00:00.000000000,1647446400000000000,5.15,5.21,5.08,5.12,220806655,0,0
2022-03-18 00:00:00.000000000,1647532800000000000,5.13,5.27,5.1,5.14,293199291,0,0
2022-03-21 00:00:00.000000000,1647792000000000000,5.19,5.27,5.08,5.14,192156966,0,0
2022-03-22 00:00:00.000000000,1647878400000000000,5.13,5.29,5.12,5.27,123029421,0,0
2022-03-23 00:00:00.000000000,1647964800000000000,5.24,5.29,5.2,5.24,122569957,0,0
2022-03-24 00:00:00.000000000,1648051200000000000,5.22,5.35,5.19,5.28,122569495,0,0
2022-03-25 00:00:00.000000000,1648137600000000000,5.28,5.32,5.19,5.2,126228167,0,0
2022-03-28 00:00:00.000000000,1648396800000000000,5.15,5.28,5.13,5.26,132173871,0,0
2022-03-29 00:00:00.000000000,1648483200000000000,5.26,5.37,5.24,5.35,108334865,0,0
2022-03-30 00:00:00.000000000,1648569600000000000,5.37,5.42,5.31,5.4,128854357,0,0
2022-03-31 00:00:00.000000000,1648656000000000000,5.3,5.43,5.24,5.39,232830624,0,0
2022-04-01 00:00:00.000000000,1648742400000000000,5.37,5.66,5.36,5.64,289931254,0,0
2022-04-06 00:00:00.000000000,1649174400000000000,5.59,5.76,5.56,5.73,245379807,0,0
2022-04-07 00:00:00.000000000,1649260800000000000,5.68,5.78,5.66,5.71,206509676,0,0
2022-04-08 00:00:00.000000000,1649347200000000000,5.71,5.76,5.64,5.74,140484517,0,0
2022-04-11 00:00:00.000000000,1649606400000000000,5.73,5.75,5.63,5.67,115588204,0,0
2022-04-12 00:00:00.000000000,1649692800000000000,5.69,5.74,5.59,5.65,174309345,0,0
2022-04-13 00:00:00.000000000,1649779200000000000,5.66,5.77,5.64,5.66,132751924,0,0
2022-04-14 00:00:00.000000000,1649865600000000000,5.74,5.8,5.48,5.56,242191626,0,0
2022-04-15 00:00:00.000000000,1649952000000000000,5.52,5.77,5.47,5.69,250098338,0,0
2022-04-18 00:00:00.000000000,1650211200000000000,5.6,5.63,5.43,5.48,223397266,0,0
2022-04-19 00:00:00.000000000,1650297600000000000,5.5,5.66,5.48,5.6,191432733,0,0
2022-04-20 00:00:00.000000000,1650384000000000000,5.6,5.63,5.51,5.52,92759539,0,0
2022-04-21 00:00:00.000000000,1650470400000000000,5.5,5.61,5.44,5.46,122461136,0,0
2022-04-22 00:00:00.000000000,1650556800000000000,5.43,5.65,5.43,5.6,171363704,0,0
2022-04-25 00:00:00.000000000,1650816000000000000,5.51,5.65,5.42,5.44,209054367,0,0
2022-04-26 00:00:00.000000000,1650902400000000000,5.44,5.48,5.32,5.34,160822831,0,0
2022-04-27 00:00:00.000000000,1650988800000000000,5.31,5.41,5.27,5.32,155465540,0,0
2022-04-28 00:00:00.000000000,1651075200000000000,5.32,5.49,5.28,5.48,154282346,0,0
2022-04-29 00:00:00.000000000,1651161600000000000,5.47,5.47,5.28,5.41,201624790,0,0
2022-05-05 00:00:00.000000000,1651680000000000000,5.57,5.66,5.54,5.6,275354085,0,0
2022-05-06 00:00:00.000000000,1651766400000000000,5.55,5.59,5.46,5.47,112717448,0,0
2022-05-09 00:00:00.000000000,1652025600000000000,5.43,5.45,5.31,5.34,104286386,0,0
2022-05-10 00:00:00.000000000,1652112000000000000,5.29,5.47,5.2,5.42,141336672,0,0
2022-05-11 00:00:00.000000000,1652198400000000000,5.4,5.44,5.31,5.35,138214907,0,0
2022-05-12 00:00:00.000000000,1652284800000000000,5.33,5.35,5.2,5.25,147425899,0,0
2022-05-13 00:00:00.000000000,1652371200000000000,5.25,5.34,5.24,5.28,119877342,0,0
2022-05-16 00:00:00.000000000,1652630400000000000,5.29,5.3,5.2,5.25,114943587,0,0
2022-05-17 00:00:00.000000000,1652716800000000000,5.27,5.31,5.18,5.26,150280098,0,0
2022-05-18 00:00:00.000000000,1652803200000000000,5.27,5.28,5.19,5.24,142248636,0,0
2022-05-19 00:00:00.000000000,1652889600000000000,5.17,5.19,5.01,5.17,165223196,0,0
2022-05-20 00:00:00.000000000,1652976000000000000,5.17,5.3,5.14,5.28,156705465,0,0
2022-05-23 00:00:00.000000000,1653235200000000000,5.26,5.27,5.19,5.22,109794542,0,0
2022-05-24 00:00:00.000000000,1653321600000000000,5.23,5.28,5.21,5.23,128189681,0,0
2022-05-25 00:00:00.000000000,1653408000000000000,5.23,5.32,5.22,5.29,100398386,0,0
2022-05-26 00:00:00.000000000,1653494400000000000,5.29,5.38,5.26,5.36,97684904,0,0
2022-05-27 00:00:00.000000000,1653580800000000000,5.39,5.4,5.3,5.32,89896135,0,0
2022-05-30 00:00:00.000000000,1653840000000000000,5.34,5.36,5.21,5.23,108057242,0,0
2022-05-31 00:00:00.000000000,1653926400000000000,5.22,5.28,5.2,5.25,129511959,0,0
2022-06-01 00:00:00.000000000,1654012800000000000,5.23,5.23,5.15,5.17,149246256,0,0
2022-06-02 00:00:00.000000000,1654099200000000000,5.14,5.16,5.09,5.12,121974928,0,0
2022-06-06 00:00:00.000000000,1654444800000000000,5.11,5.12,5.02,5.05,271108629,0,0
2022-06-07 00:00:00.000000000,1654531200000000000,5.04,5.14,5.01,5.14,204560860,0,0
2022-06-08 00:00:00.000000000,1654617600000000000,5.15,5.16,5.11,5.16,142037945,0,0
2022-06-09 00:00:00.000000000,1654704000000000000,5.15,5.26,5.14,5.24,171465191,0,0
2022-06-10 00:00:00.000000000,1654790400000000000,5.22,5.27,5.2,5.26,130818674,0,0
2022-06-13 00:00:00.000000000,1655049600000000000,5.22,5.23,5.08,5.13,212592769,0,0
2022-06-14 00:00:00.000000000,1655136000000000000,5.09,5.2,5.07,5.2,159989102,0,0
2022-06-15 00:00:00.000000000,1655222400000000000,5.2,5.36,5.17,5.27,251176191,0,0
2022-06-16 00:00:00.000000000,1655308800000000000,5.28,5.31,5.2,5.21,140425753,0,0
2022-06-17 00:00:00.000000000,1655395200000000000,5.2,5.23,5.16,5.19,101368237,0,0
2022-06-20 00:00:00.000000000,1655654400000000000,5.19,5.2,5.12,5.14,188724058,0,0
2022-06-21 00:00:00.000000000,1655740800000000000,5.15,5.27,5.13,5.27,209634675,0,0
2022-06-22 00:00:00.000000000,1655827200000000000,5.26,5.27,5.14,5.16,154674271,0,0
2022-06-23 00:00:00.000000000,1655913600000000000,5.16,5.19,5.14,5.17,165980817,0,0
2022-06-24 00:00:00.000000000,1656000000000000000,5.18,5.19,5.11,5.15,160766063,0,0
2022-06-27 00:00:00.000000000,1656259200000000000,5.17,5.21,5.15,5.2,190457572,0,0
2022-06-28 00:00:00.000000000,1656345600000000000,5.22,5.29,5.19,5.28,166162842,0,0
2022-06-29 00:00:00.000000000,1656432000000000000,5.27,5.35,5.25,5.32,145528481,0,0
2022-06-30 00:00:00.000000000,1656518400000000000,5.32,5.4,5.31,5.39,143056214,0,0
2022-07-01 00:00:00.000000000,1656604800000000000,5.39,5.44,5.35,5.35,90434288,0,0
2022-07-04 00:00:00.000000000,1656864000000000000,5.36,5.36,5.27,5.32,115008034,0,0
2022-07-05 00:00:00.000000000,1656950400000000000,5.32,5.4,5.31,5.36,93577565,0,0
2022-07-06 00:00:00.000000000,1657036800000000000,5.35,5.37,5.28,5.33,90991430,0,0
2022-07-07 00:00:00.000000000,1657123200000000000,5.34,5.34,5.27,5.29,65972988,0,0
2022-07-08 00:00:00.000000000,1657209600000000000,5.31,5.32,5.24,5.3,100418426,0,0
2022-07-11 00:00:00.000000000,1657468800000000000,5.28,5.31,5.26,5.29,122323853,0,0
2022-07-12 00:00:00.000000000,1657555200000000000,5.07,5.18,5.06,5.09,138586478,0,0
2022-07-13 00:00:00.000000000,1657641600000000000,5.09,5.1,4.89,4.9,244316073,0,0
2022-07-14 00:00:00.000000000,1657728000000000000,4.84,4.84,4.67,4.72,360341968,0,0
2022-07-15 00:00:00.000000000,1657814400000000000,4.75,4.76,4.65,4.66,224824276,0,0
2022-07-18 00:00:00.000000000,1658073600000000000,4.68,4.75,4.67,4.75,143587253,0,0
2022-07-19 00:00:00.000000000,1658160000000000000,4.75,4.81,4.73,4.78,104678446,0,0
2022-07-20 00:00:00.000000000,1658246400000000000,4.8,4.82,4.78,4.81,80034462,0,0
2022-07-21 00:00:00.000000000,1658332800000000000,4.8,4.8,4.72,4.72,93842271,0,0
2022-07-22 00:00:00.000000000,1658419200000000000,4.73,4.76,4.66,4.73,91993882,0,0
2022-07-25 00:00:00.000000000,1658678400000000000,4.72,4.79,4.7,4.79,89111178,0,0
2022-07-26 00:00:00.000000000,1658764800000000000,4.78,4.81,4.76,4.8,70479858,0,0
2022-07-27 00:00:00.000000000,1658851200000000000,4.79,4.8,4.75,4.77,58912135,0,0
2022-07-28 00:00:00.000000000,1658937600000000000,4.78,4.79,4.74,4.75,75781578,0,0
2022-07-29 00:00:00.000000000,1659024000000000000,4.75,4.76,4.68,4.69,124809048,0,0
2022-08-01 00:00:00.000000000,1659283200000000000,4.7,4.7,4.65,4.67,100838485,0,0
2022-08-02 00:00:00.000000000,1659369600000000000,4.65,4.66,4.52,4.58,147147497,0,0
2022-08-03 00:00:00.000000000,1659456000000000000,4.57,4.59,4.51,4.51,115437761,0,0
2022-08-04 00:00:00.000000000,1659542400000000000,4.53,4.54,4.46,4.52,122266343,0,0
2022-08-05 00:00:00.000000000,1659628800000000000,4.52,4.57,4.49,4.57,82066951,0,0
2022-08-08 00:00:00.000000000,1659888000000000000,4.55,4.59,4.52,4.54,75791929,0,0
2022-08-09 00:00:00.000000000,1659974400000000000,4.54,4.55,4.5,4.51,68292915,0,0
2022-08-10 00:00:00.000000000,1660060800000000000,4.52,4.53,4.48,4.5,55831840,0,0
2022-08-11 00:00:00.000000000,1660147200000000000,4.52,4.58,4.5,4.57,110306890,0,0
2022-08-12 00:00:00.000000000,1660233600000000000,4.56,4.58,4.53,4.56,79463171,0,0
2022-08-15 00:00:00.000000000,1660492800000000000,4.53,4.56,4.51,4.52,99626968,0,0
2022-08-16 00:00:00.000000000,1660579200000000000,4.52,4.54,4.51,4.53,65558685,0,0
2022-08-17 00:00:00.000000000,1660665600000000000,4.53,4.55,4.49,4.54,97088717,0,0
2022-08-18 00:00:00.000000000,1660752000000000000,4.52,4.53,4.49,4.51,88023965,0,0
2022-08-19 00:00:00.000000000,1660838400000000000,4.5,4.54,4.49,4.52,89763062,0,0
2022-08-22 00:00:00.000000000,1661097600000000000,4.5,4.53,4.49,4.51,92802340,0,0
2022-08-23 00:00:00.000000000,1661184000000000000,4.52,4.52,4.4,4.4,281822149,0,0
2022-08-24 00:00:00.000000000,1661270400000000000,4.4,4.43,4.39,4.4,112325788,0,0
2022-08-25 00:00:00.000000000,1661356800000000000,4.4,4.45,4.37,4.44,87072614,0,0
2022-08-26 00:00:00.000000000,1661443200000000000,4.44,4.46,4.41,4.43,67572272,0,0
2022-08-29 00:00:00.000000000,1661702400000000000,4.39,4.43,4.38,4.43,91393952,0,0
2022-08-30 00:00:00.000000000,1661788800000000000,4.42,4.45,4.41,4.43,69536552,0,0
2022-08-31 00:00:00.000000000,1661875200000000000,4.42,4.52,4.41,4.51,171337773,0,0
2022-09-01 00:00:00.000000000,1661961600000000000,4.49,4.54,4.47,4.49,90324254,0,0
2022-09-02 00:00:00.000000000,1662048000000000000,4.5,4.51,4.43,4.45,84965103,0,0
2022-09-05 00:00:00.000000000,1662307200000000000,4.44,4.5,4.42,4.5,108698108,0,0
2022-09-06 00:00:00.000000000,1662393600000000000,4.5,4.54,4.47,4.49,94694719,0,0
2022-09-07 00:00:00.000000000,1662480000000000000,4.48,4.48,4.43,4.45,100762940,0,0
2022-09-08 00:00:00.000000000,1662566400000000000,4.46,4.49,4.45,4.46,101196763,0,0
2022-09-09 00:00:00.000000000,1662652800000000000,4.47,4.56,4.46,4.55,199118816,0,0
2022-09-13 00:00:00.000000000,1662998400000000000,4.55,4.66,4.53,4.6,176795045,0,0
2022-09-14 00:00:00.000000000,1663084800000000000,4.56,4.59,4.52,4.53,97396822,0,0
2022-09-15 00:00:00.000000000,1663171200000000000,4.56,4.63,4.56,4.6,128469045,0,0
2022-09-16 00:00:00.000000000,1663257600000000000,4.59,4.6,4.51,4.52,124254858,0,0
2022-09-19 00:00:00.000000000,1663516800000000000,4.53,4.57,4.49,4.56,95947401,0,0
2022-09-20 00:00:00.000000000,1663603200000000000,4.57,4.57,4.5,4.51,82093737,0,0
2022-09-21 00:00:00.000000000,1663689600000000000,4.52,4.6,4.49,4.57,92232438,0,0
2022-09-22 00:00:00.000000000,1663776000000000000,4.55,4.58,4.52,4.56,61007350,0,0
2022-09-23 00:00:00.000000000,1663862400000000000,4.56,4.63,4.55,4.6,101964580,0,0
2022-09-26 00:00:00.000000000,1664121600000000000,4.59,4.61,4.51,4.52,102256624,0,0
2022-09-27 00:00:00.000000000,1664208000000000000,4.5,4.54,4.46,4.53,85523049,0,0
2022-09-28 00:00:00.000000000,1664294400000000000,4.52,4.59,4.48,4.55,110792116,0,0
2022-09-29 00:00:00.000000000,1664380800000000000,4.56,4.58,4.47,4.5,89153286,0,0
2022-09-30 00:00:00.000000000,1664467200000000000,4.49,4.52,4.46,4.46,105182675,0,0
2022-10-10 00:00:00.000000000,1665331200000000000,4.25,4.28,4.17,4.24,261145922,0,0
2022-10-11 00:00:00.000000000,1665417600000000000,4.23,4.25,4.17,4.18,159049122,0,0
2022-10-12 00:00:00.000000000,1665504000000000000,4.17,4.21,4.11,4.2,139252282,0,0
2022-10-13 00:00:00.000000000,1665590400000000000,4.17,4.18,4.12,4.17,161832720,0,0
2022-10-14 00:00:00.000000000,1665676800000000000,4.19,4.22,4.17,4.2,133521281,0,0
2022-10-17 00:00:00.000000000,1665936000000000000,4.16,4.19,4.13,4.17,111396590,0,0
2022-10-18 00:00:00.000000000,1666022400000000000,4.19,4.2,4.14,4.16,95208930,0,0
2022-10-19 00:00:00.000000000,1666108800000000000,4.15,4.16,4.12,4.12,102040416,0,0
2022-10-20 00:00:00.000000000,1666195200000000000,4.11,4.12,4.09,4.11,86173305,0,0
2022-10-21 00:00:00.000000000,1666281600000000000,4.11,4.12,4.09,4.1,66578125,0,0
2022-10-24 00:00:00.000000000,1666540800000000000,4.1,4.11,3.98,3.98,176676008,0,0
2022-10-25 00:00:00.000000000,1666627200000000000,3.97,4.0,3.95,3.97,114775277,0,0
2022-10-26 00:00:00.000000000,1666713600000000000,3.96,3.97,3.92,3.95,153699499,0,0
2022-10-27 00:00:00.000000000,1666800000000000000,3.96,3.98,3.94,3.96,107456388,0,0
2022-10-28 00:00:00.000000000,1666886400000000000,3.96,3.98,3.94,3.96,128736723,0,0
2022-10-31 00:00:00.000000000,1667145600000000000,3.95,3.95,3.86,3.88,156422469,0,0
2022-11-01 00:00:00.000000000,1667232000000000000,3.88,3.93,3.84,3.93,165806257,0,0
2022-11-02 00:00:00.000000000,1667318400000000000,3.91,3.99,3.9,3.98,114940926,0,0
2022-11-03 00:00:00.000000000,1667404800000000000,3.96,3.98,3.93,3.94,87520572,0,0
2022-11-04 00:00:00.000000000,1667491200000000000,3.94,4.07,3.93,4.05,161246328,0,0
2022-11-07 00:00:00.000000000,1667750400000000000,4.04,4.11,4.02,4.1,122131994,0,0
2022-11-08 00:00:00.000000000,1667836800000000000,4.1,4.11,4.06,4.08,75994125,0,0
2022-11-09 00:00:00.000000000,1667923200000000000,4.09,4.14,4.07,4.08,88270715,0,0
2022-11-10 00:00:00.000000000,1668009600000000000,4.04,4.1,4.02,4.1,77415126,0,0
2022-11-11 00:00:00.000000000,1668096000000000000,4.15,4.29,4.13,4.26,226609031,0,0
2022-11-14 00:00:00.000000000,1668355200000000000,4.29,4.39,4.27,4.29,215799153,0,0
2022-11-15 00:00:00.000000000,1668441600000000000,4.3,4.34,4.25,4.33,132166203,0,0
2022-11-16 00:00:00.000000000,1668528000000000000,4.31,4.31,4.23,4.25,136745629,0,0
2022-11-17 00:00:00.000000000,1668614400000000000,4.24,4.27,4.22,4.27,94600625,0,0
2022-11-18 00:00:00.000000000,1668700800000000000,4.27,4.27,4.21,4.23,89077680,0,0
2022-11-21 00:00:00.000000000,1668960000000000000,4.2,4.21,4.15,4.18,76223592,0,0
2022-11-22 00:00:00.000000000,1669046400000000000,4.18,4.38,4.16,4.32,200382794,0,0
2022-11-23 00:00:00.000000000,1669132800000000000,4.37,4.48,4.35,4.42,229435238,0,0
2022-11-24 00:00:00.000000000,1669219200000000000,4.45,4.45,4.34,4.34,126085996,0,0
2022-11-25 00:00:00.000000000,1669305600000000000,4.35,4.49,4.34,4.48,192991210,0,0
2022-11-28 00:00:00.000000000,1669564800000000000,4.41,4.42,4.33,4.39,142445550,0,0
2022-11-29 00:00:00.000000000,1669651200000000000,4.42,4.59,4.42,4.53,239444546,0,0
2022-11-30 00:00:00.000000000,1669737600000000000,4.49,4.55,4.45,4.46,122042400,0,0
2022-12-01 00:00:00.000000000,1669824000000000000,4.52,4.56,4.4,4.41,169371497,0,0
2022-12-02 00:00:00.000000000,1669910400000000000,4.41,4.43,4.36,4.38,111125837,0,0
2022-12-05 00:00:00.000000000,1670169600000000000,4.41,4.57,4.41,4.54,190906113,0,0
2022-12-06 00:00:00.000000000,1670256000000000000,4.53,4.58,4.49,4.53,119962923,0,0
2022-12-07 00:00:00.000000000,1670342400000000000,4.55,4.56,4.44,4.46,121766200,0,0
2022-12-08 00:00:00.000000000,1670428800000000000,4.46,4.54,4.46,4.5,151626497,0,0
2022-12-09 00:00:00.000000000,1670515200000000000,4.49,4.66,4.49,4.65,217403705,0,0
2022-12-12 00:00:00.000000000,1670774400000000000,4.61,4.61,4.49,4.51,152274312,0,0
2022-12-13 00:00:00.000000000,1670860800000000000,4.51,4.6,4.51,4.58,102817988,0,0
2022-12-14 00:00:00.000000000,1670947200000000000,4.56,4.65,4.54,4.61,88653552,0,0
2022-12-15 00:00:00.000000000,1671033600000000000,4.58,4.6,4.51,4.54,72551462,0,0
2022-12-16 00:00:00.000000000,1671120000000000000,4.52,4.61,4.51,4.61,93907090,0,0
2022-12-19 00:00:00.000000000,1671379200000000000,4.6,4.61,4.53,4.56,88595289,0,0
2022-12-20 00:00:00.000000000,1671465600000000000,4.54,4.58,4.45,4.46,90696232,0,0
2022-12-21 00:00:00.000000000,1671552000000000000,4.49,4.54,4.47,4.48,53949354,0,0
2022-12-22 00:00:00.000000000,1671638400000000000,4.52,4.53,4.45,4.46,49600058,0,0
2022-12-23 00:00:00.000000000,1671724800000000000,4.43,4.48,4.41,4.43,51526833,0,0
2022-12-26 00:00:00.000000000,1671984000000000000,4.43,4.47,4.42,4.42,65416695,0,0
2022-12-27 00:00:00.000000000,1672070400000000000,4.45,4.58,4.44,4.53,90657564,0,0
2022-12-28 00:00:00.000000000,1672156800000000000,4.52,4.64,4.51,4.6,103002988,0,0
2022-12-29 00:00:00.000000000,1672243200000000000,4.58,4.6,4.52,4.56,76669043,0,0
2022-12-30 00:00:00.000000000,1672329600000000000,4.59,4.67,4.58,4.62,103847922,0,0
2023-01-03 00:00:00.000000000,1672675200000000000,4.62,4.69,4.56,4.66,108619996,0,0
2023-01-04 00:00:00.000000000,1672761600000000000,4.69,4.78,4.64,4.76,138367886,0,0
2023-01-05 00:00:00.000000000,1672848000000000000,4.77,4.8,4.7,4.74,109062005,0,0
2023-01-06 00:00:00.000000000,1672934400000000000,4.74,4.76,4.69,4.73,72795160,0,0
2023-01-09 00:00:00.000000000,1673193600000000000,4.73,4.8,4.71,4.76,79447511,0,0
2023-01-10 00:00:00.000000000,1673280000000000000,4.76,4.8,4.72,4.75,74516092,0,0
2023-01-11 00:00:00.000000000,1673366400000000000,4.77,4.85,4.75,4.83,112289880,0,0
2023-01-12 00:00:00.000000000,1673452800000000000,4.84,4.88,4.78,4.86,96905752,0,0
2023-01-13 00:00:00.000000000,1673539200000000000,4.87,4.9,4.84,4.89,84712121,0,0
2023-01-16 00:00:00.000000000,1673798400000000000,4.9,4.91,4.79,4.82,149510869,0,0
2023-01-17 00:00:00.000000000,1673884800000000000,4.81,4.82,4.74,4.78,106699840,0,0
2023-01-18 00:00:00.000000000,1673971200000000000,4.78,4.87,4.75,4.86,105004513,0,0
2023-01-19 00:00:00.000000000,1674057600000000000,4.84,4.86,4.81,4.83,52801754,0,0
2023-01-20 00:00:00.000000000,1674144000000000000,4.86,4.9,4.83,4.9,75051314,0,0
2023-01-30 00:00:00.000000000,1675008000000000000,4.94,4.96,4.85,4.85,87277036,0,0
2023-01-31 00:00:00.000000000,1675094400000000000,4.85,4.9,4.81,4.81,74021676,0,0
2023-02-01 00:00:00.000000000,1675180800000000000,4.83,4.84,4.73,4.76,111874114,0,0
2023-02-02 00:00:00.000000000,1675267200000000000,4.77,4.78,4.73,4.74,67882421,0,0
2023-02-03 00:00:00.000000000,1675353600000000000,4.74,4.75,4.67,4.68,80181352,0,0
2023-02-06 00:00:00.000000000,1675612800000000000,4.65,4.69,4.62,4.65,85253777,0,0
2023-02-07 00:00:00.000000000,1675699200000000000,4.67,4.72,4.65,4.67,72347668,0,0
2023-02-08 00:00:00.000000000,1675785600000000000,4.69,4.71,4.61,4.63,78843901,0,0
2023-02-09 00:00:00.000000000,1675872000000000000,4.63,4.65,4.52,4.56,218316806,0,0
2023-02-10 00:00:00.000000000,1675958400000000000,4.56,4.6,4.53,4.59,163983156,0,0
2023-02-13 00:00:00.000000000,1676217600000000000,4.57,4.59,4.5,4.55,126804654,0,0
2023-02-14 00:00:00.000000000,1676304000000000000,4.56,4.66,4.55,4.62,109122823,0,0
2023-02-15 00:00:00.000000000,1676390400000000000,4.63,4.64,4.54,4.55,99079104,0,0
2023-02-16 00:00:00.000000000,1676476800000000000,4.55,4.61,4.54,4.59,154055500,0,0
2023-02-17 00:00:00.000000000,1676563200000000000,4.57,4.62,4.56,4.56,65777125,0,0
2023-02-20 00:00:00.000000000,1676822400000000000,4.56,4.69,4.55,4.68,199191647,0,0
2023-02-21 00:00:00.000000000,1676908800000000000,4.68,4.68,4.62,4.64,100778031,0,0
2023-02-22 00:00:00.000000000,1676995200000000000,4.63,4.64,4.58,4.6,98188571,0,0
2023-02-23 00:00:00.000000000,1677081600000000000,4.6,4.67,4.59,4.59,125586737,0,0
2023-02-24 00:00:00.000000000,1677168000000000000,4.59,4.61,4.53,4.54,114600660,0,0
2023-02-27 00:00:00.000000000,1677427200000000000,4.53,4.55,4.5,4.51,78174700,0,0
2023-02-28 00:00:00.000000000,1677513600000000000,4.52,4.54,4.5,4.52,96011143,0,0
2023-03-01 00:00:00.000000000,1677600000000000000,4.52,4.6,4.51,4.59,179957320,0,0
2023-03-02 00:00:00.000000000,1677686400000000000,4.59,4.67,4.56,4.65,151536710,0,0
2023-03-03 00:00:00.000000000,1677772800000000000,4.66,4.89,4.65,4.89,359099626,0,0
2023-03-06 00:00:00.000000000,1678032000000000000,4.85,4.89,4.73,4.74,230299587,0,0
2023-03-07 00:00:00.000000000,1678118400000000000,4.74,4.98,4.73,4.87,392218620,0,0
2023-03-08 00:00:00.000000000,1678204800000000000,4.82,4.86,4.76,4.84,140472768,0,0
2023-03-09 00:00:00.000000000,1678291200000000000,4.82,4.87,4.8,4.82,160999824,0,0
2023-03-10 00:00:00.000000000,1678377600000000000,4.78,4.86,4.7,4.71,159502715,0,0
