datetime,datetime_nano,SZSE.300760.open,SZSE.300760.high,SZSE.300760.low,SZSE.300760.close,SZSE.300760.volume,SZSE.300760.open_oi,SZSE.300760.close_oi
2018-10-16 00:00:00.000000000,1539619200000000000,58.56,70.27,58.56,70.27,419900,0,0
2018-10-17 00:00:00.000000000,1539705600000000000,77.3,77.3,77.3,77.3,186500,0,0
2018-10-18 00:00:00.000000000,1539792000000000000,85.03,85.03,73.51,80.97,55718500,0,0
2018-10-19 00:00:00.000000000,1539878400000000000,72.87,89.07,72.87,89.07,35319200,0,0
2018-10-22 00:00:00.000000000,1540137600000000000,95.0,97.98,93.5,97.98,17685800,0,0
2018-10-23 00:00:00.000000000,1540224000000000000,107.78,107.78,94.69,94.7,32962600,0,0
2018-10-24 00:00:00.000000000,1540310400000000000,88.18,100.5,88.18,97.05,24150000,0,0
2018-10-25 00:00:00.000000000,1540396800000000000,94.1,101.3,92.18,99.58,19315300,0,0
2018-10-26 00:00:00.000000000,1540483200000000000,100.0,102.85,92.58,97.2,18272100,0,0
2018-10-29 00:00:00.000000000,1540742400000000000,97.18,98.34,94.11,97.52,10286000,0,0
2018-10-30 00:00:00.000000000,1540828800000000000,98.2,99.97,92.85,97.35,14005700,0,0
2018-10-31 00:00:00.000000000,1540915200000000000,97.0,101.91,97.0,99.0,13522700,0,0
2018-11-01 00:00:00.000000000,1541001600000000000,99.97,105.59,98.5,102.33,15664100,0,0
2018-11-02 00:00:00.000000000,1541088000000000000,104.5,107.0,102.69,105.4,16217700,0,0
2018-11-05 00:00:00.000000000,1541347200000000000,106.0,106.55,99.45,102.42,13349500,0,0
2018-11-06 00:00:00.000000000,1541433600000000000,100.5,112.66,99.85,112.66,13529700,0,0
2018-11-07 00:00:00.000000000,1541520000000000000,110.0,114.3,108.78,110.0,11559500,0,0
2018-11-08 00:00:00.000000000,1541606400000000000,109.06,112.98,107.8,109.28,9042700,0,0
2018-11-09 00:00:00.000000000,1541692800000000000,120.0,120.0,106.0,110.78,8703300,0,0
2018-11-12 00:00:00.000000000,1541952000000000000,110.0,112.7,109.01,112.01,7992300,0,0
2018-11-13 00:00:00.000000000,1542038400000000000,110.32,117.0,108.66,110.06,13639600,0,0
2018-11-14 00:00:00.000000000,1542124800000000000,110.06,113.5,108.01,111.86,8502200,0,0
2018-11-15 00:00:00.000000000,1542211200000000000,111.86,112.78,109.23,112.0,6730900,0,0
2018-11-16 00:00:00.000000000,1542297600000000000,111.38,113.97,109.7,110.65,6909200,0,0
2018-11-19 00:00:00.000000000,1542556800000000000,110.01,112.85,108.64,110.15,6928100,0,0
2018-11-20 00:00:00.000000000,1542643200000000000,110.15,111.01,107.0,107.0,5462500,0,0
2018-11-21 00:00:00.000000000,1542729600000000000,107.0,113.0,105.81,111.7,9062300,0,0
2018-11-22 00:00:00.000000000,1542816000000000000,111.7,112.33,110.13,111.51,5197300,0,0
2018-11-23 00:00:00.000000000,1542902400000000000,111.0,113.6,108.01,108.3,5950900,0,0
2018-11-26 00:00:00.000000000,1543161600000000000,107.31,111.27,107.31,109.59,4179300,0,0
2018-11-27 00:00:00.000000000,1543248000000000000,109.0,111.0,104.5,106.56,8021700,0,0
2018-11-28 00:00:00.000000000,1543334400000000000,106.8,110.0,105.2,109.61,5516500,0,0
2018-11-29 00:00:00.000000000,1543420800000000000,111.0,111.97,108.81,108.83,4884800,0,0
2018-11-30 00:00:00.000000000,1543507200000000000,107.9,112.59,107.13,112.5,4134700,0,0
2018-12-03 00:00:00.000000000,1543766400000000000,115.0,123.58,113.5,119.5,9309500,0,0
2018-12-04 00:00:00.000000000,1543852800000000000,119.5,120.97,117.7,119.06,4519100,0,0
2018-12-05 00:00:00.000000000,1543939200000000000,118.02,123.11,116.91,120.68,5374900,0,0
2018-12-06 00:00:00.000000000,1544025600000000000,119.02,121.1,114.0,115.33,8233800,0,0
2018-12-07 00:00:00.000000000,1544112000000000000,115.1,116.99,112.7,114.14,5067600,0,0
2018-12-10 00:00:00.000000000,1544371200000000000,113.07,116.0,112.69,115.12,2984300,0,0
2018-12-11 00:00:00.000000000,1544457600000000000,114.74,116.29,112.62,113.36,4050200,0,0
2018-12-12 00:00:00.000000000,1544544000000000000,112.5,114.62,112.49,113.93,2752900,0,0
2018-12-13 00:00:00.000000000,1544630400000000000,114.99,116.24,113.32,116.2,2926800,0,0
2018-12-14 00:00:00.000000000,1544716800000000000,115.51,118.18,107.81,107.81,7269600,0,0
2018-12-17 00:00:00.000000000,1544976000000000000,106.69,107.0,102.0,106.23,4950600,0,0
2018-12-18 00:00:00.000000000,1545062400000000000,105.79,106.5,103.76,105.4,3132500,0,0
2018-12-19 00:00:00.000000000,1545148800000000000,104.98,106.28,97.8,98.23,7661800,0,0
2018-12-20 00:00:00.000000000,1545235200000000000,96.11,101.35,92.35,100.66,4779800,0,0
2018-12-21 00:00:00.000000000,1545321600000000000,99.99,100.53,98.53,99.32,3028400,0,0
2018-12-24 00:00:00.000000000,1545580800000000000,99.32,104.6,98.98,103.3,3656500,0,0
2018-12-25 00:00:00.000000000,1545667200000000000,102.88,106.99,101.99,105.99,4404700,0,0
2018-12-26 00:00:00.000000000,1545753600000000000,102.4,109.55,102.4,107.3,3533400,0,0
2018-12-27 00:00:00.000000000,1545840000000000000,108.3,109.35,106.82,107.51,4131300,0,0
2018-12-28 00:00:00.000000000,1545926400000000000,107.11,109.63,106.3,109.22,3253100,0,0
2019-01-02 00:00:00.000000000,1546358400000000000,106.45,106.72,99.66,103.78,5898800,0,0
2019-01-03 00:00:00.000000000,1546444800000000000,103.3,104.99,99.97,101.32,3845900,0,0
2019-01-04 00:00:00.000000000,1546531200000000000,100.58,102.77,99.5,101.58,4276900,0,0
2019-01-07 00:00:00.000000000,1546790400000000000,101.06,103.98,100.7,101.73,4345800,0,0
2019-01-08 00:00:00.000000000,1546876800000000000,101.11,101.96,97.78,99.5,5213500,0,0
2019-01-09 00:00:00.000000000,1546963200000000000,99.89,105.28,99.55,102.98,5818500,0,0
2019-01-10 00:00:00.000000000,1547049600000000000,104.3,105.15,102.3,103.32,4136200,0,0
2019-01-11 00:00:00.000000000,1547136000000000000,102.9,105.0,102.4,104.91,2072300,0,0
2019-01-14 00:00:00.000000000,1547395200000000000,104.8,104.8,102.68,104.1,1950400,0,0
2019-01-15 00:00:00.000000000,1547481600000000000,103.87,106.5,103.58,104.98,2113800,0,0
2019-01-16 00:00:00.000000000,1547568000000000000,104.66,106.39,103.82,105.69,2031000,0,0
2019-01-17 00:00:00.000000000,1547654400000000000,105.49,106.45,104.91,105.75,1658200,0,0
2019-01-18 00:00:00.000000000,1547740800000000000,105.39,109.7,105.39,109.5,3279100,0,0
2019-01-21 00:00:00.000000000,1548000000000000000,110.8,114.85,110.5,111.11,4208000,0,0
2019-01-22 00:00:00.000000000,1548086400000000000,111.6,112.38,107.51,108.49,2358500,0,0
2019-01-23 00:00:00.000000000,1548172800000000000,108.48,110.4,108.2,110.27,1460300,0,0
2019-01-24 00:00:00.000000000,1548259200000000000,109.6,110.19,106.78,108.0,2424200,0,0
2019-01-25 00:00:00.000000000,1548345600000000000,108.0,109.43,106.85,106.93,3073700,0,0
2019-01-28 00:00:00.000000000,1548604800000000000,107.39,108.18,106.1,106.31,1611300,0,0
2019-01-29 00:00:00.000000000,1548691200000000000,106.47,106.47,102.51,103.98,3295000,0,0
2019-01-30 00:00:00.000000000,1548777600000000000,103.8,106.95,103.06,106.13,2587900,0,0
2019-01-31 00:00:00.000000000,1548864000000000000,107.44,108.77,104.95,106.73,3138700,0,0
2019-02-01 00:00:00.000000000,1548950400000000000,107.31,111.2,106.92,110.96,3068100,0,0
2019-02-11 00:00:00.000000000,1549814400000000000,111.09,112.77,109.71,112.0,3598600,0,0
2019-02-12 00:00:00.000000000,1549900800000000000,111.8,114.88,111.5,113.82,3388800,0,0
2019-02-13 00:00:00.000000000,1549987200000000000,112.88,114.0,111.75,113.58,3492600,0,0
2019-02-14 00:00:00.000000000,1550073600000000000,113.38,116.9,112.83,115.74,3857400,0,0
2019-02-15 00:00:00.000000000,1550160000000000000,115.21,115.65,112.7,113.15,2578200,0,0
2019-02-18 00:00:00.000000000,1550419200000000000,113.18,115.75,113.18,115.06,3504400,0,0
2019-02-19 00:00:00.000000000,1550505600000000000,115.58,120.18,115.48,115.86,4290200,0,0
2019-02-20 00:00:00.000000000,1550592000000000000,115.61,115.95,111.55,113.0,3798300,0,0
2019-02-21 00:00:00.000000000,1550678400000000000,112.99,113.72,111.4,112.2,3222300,0,0
2019-02-22 00:00:00.000000000,1550764800000000000,112.0,114.6,111.51,114.17,3061300,0,0
2019-02-25 00:00:00.000000000,1551024000000000000,115.03,122.9,115.03,122.85,6022200,0,0
2019-02-26 00:00:00.000000000,1551110400000000000,122.49,122.49,118.81,119.2,4974800,0,0
2019-02-27 00:00:00.000000000,1551196800000000000,118.4,119.3,115.1,115.73,4237900,0,0
2019-02-28 00:00:00.000000000,1551283200000000000,117.25,127.3,116.81,127.3,8155400,0,0
2019-03-01 00:00:00.000000000,1551369600000000000,129.0,130.99,124.83,128.39,5811600,0,0
2019-03-04 00:00:00.000000000,1551628800000000000,129.71,138.65,129.71,132.55,7148500,0,0
2019-03-05 00:00:00.000000000,1551715200000000000,129.8,133.62,129.2,132.6,4834100,0,0
2019-03-06 00:00:00.000000000,1551801600000000000,132.7,134.0,128.47,130.85,5390500,0,0
2019-03-07 00:00:00.000000000,1551888000000000000,129.18,129.18,125.4,127.3,6437700,0,0
2019-03-08 00:00:00.000000000,1551974400000000000,124.0,129.27,123.11,125.81,5019700,0,0
2019-03-11 00:00:00.000000000,1552233600000000000,125.34,132.41,124.0,130.67,5088300,0,0
2019-03-12 00:00:00.000000000,1552320000000000000,130.99,132.99,125.5,128.24,5786800,0,0
2019-03-13 00:00:00.000000000,1552406400000000000,128.51,131.4,126.6,127.28,4456000,0,0
2019-03-14 00:00:00.000000000,1552492800000000000,127.26,132.0,127.0,130.45,3953900,0,0
2019-03-15 00:00:00.000000000,1552579200000000000,131.2,138.88,131.2,135.3,5391500,0,0
2019-03-18 00:00:00.000000000,1552838400000000000,136.5,136.5,127.03,132.0,7486000,0,0
2019-03-19 00:00:00.000000000,1552924800000000000,132.33,134.84,130.62,131.2,3710400,0,0
2019-03-20 00:00:00.000000000,1553011200000000000,130.01,133.5,130.0,132.13,2772800,0,0
2019-03-21 00:00:00.000000000,1553097600000000000,131.9,131.9,129.78,130.21,3474300,0,0
2019-03-22 00:00:00.000000000,1553184000000000000,130.88,131.3,128.9,130.4,2159900,0,0
2019-03-25 00:00:00.000000000,1553443200000000000,127.79,128.44,126.71,127.45,3654400,0,0
2019-03-26 00:00:00.000000000,1553529600000000000,128.22,129.92,126.79,127.98,3082700,0,0
2019-03-27 00:00:00.000000000,1553616000000000000,128.5,130.78,127.28,128.61,2171900,0,0
2019-03-28 00:00:00.000000000,1553702400000000000,127.88,132.2,127.1,130.84,2602900,0,0
2019-03-29 00:00:00.000000000,1553788800000000000,130.84,134.5,130.84,134.3,3450300,0,0
2019-04-01 00:00:00.000000000,1554048000000000000,135.8,139.02,133.9,135.48,4805300,0,0
2019-04-02 00:00:00.000000000,1554134400000000000,135.79,136.0,133.03,133.53,3128800,0,0
2019-04-03 00:00:00.000000000,1554220800000000000,133.3,133.3,130.5,132.55,3332200,0,0
2019-04-04 00:00:00.000000000,1554307200000000000,131.7,133.63,130.6,131.7,2419000,0,0
2019-04-08 00:00:00.000000000,1554652800000000000,132.65,132.65,128.3,128.97,3688700,0,0
2019-04-09 00:00:00.000000000,1554739200000000000,128.08,130.49,128.08,130.15,2049000,0,0
2019-04-10 00:00:00.000000000,1554825600000000000,130.89,132.46,128.51,130.49,3705300,0,0
2019-04-11 00:00:00.000000000,1554912000000000000,130.5,130.73,128.02,128.98,2516300,0,0
2019-04-12 00:00:00.000000000,1554998400000000000,128.98,130.51,128.3,129.31,1683900,0,0
2019-04-15 00:00:00.000000000,1555257600000000000,129.83,130.47,125.38,125.59,3440700,0,0
2019-04-16 00:00:00.000000000,1555344000000000000,125.68,126.8,123.5,126.1,2355400,0,0
2019-04-17 00:00:00.000000000,1555430400000000000,126.4,128.81,126.4,127.77,1723300,0,0
2019-04-18 00:00:00.000000000,1555516800000000000,127.6,128.0,126.9,127.0,912700,0,0
2019-04-19 00:00:00.000000000,1555603200000000000,126.52,128.39,124.55,127.91,1813000,0,0
2019-04-22 00:00:00.000000000,1555862400000000000,127.86,129.08,126.3,128.0,1361600,0,0
2019-04-23 00:00:00.000000000,1555948800000000000,128.13,132.43,127.82,131.05,3418000,0,0
2019-04-24 00:00:00.000000000,1556035200000000000,0.0,132.5,0.0,131.89,1858400,0,0
2019-04-25 00:00:00.000000000,1556121600000000000,0.0,137.98,0.0,134.08,4265100,0,0
2019-04-26 00:00:00.000000000,1556208000000000000,0.0,137.88,0.0,135.81,3094100,0,0
2019-04-29 00:00:00.000000000,1556467200000000000,0.0,145.01,0.0,140.95,4673400,0,0
2019-04-30 00:00:00.000000000,1556553600000000000,0.0,143.99,0.0,140.84,2503700,0,0
2019-05-06 00:00:00.000000000,1557072000000000000,134.5,135.99,131.0,133.5,4618900,0,0
2019-05-07 00:00:00.000000000,1557158400000000000,134.95,140.6,134.95,136.25,3607200,0,0
2019-05-08 00:00:00.000000000,1557244800000000000,132.5,142.06,132.5,139.4,3615500,0,0
2019-05-09 00:00:00.000000000,1557331200000000000,138.89,140.41,135.86,136.11,2624800,0,0
2019-05-10 00:00:00.000000000,1557417600000000000,138.8,145.5,137.0,144.5,3738200,0,0
2019-05-13 00:00:00.000000000,1557676800000000000,142.7,149.95,142.66,147.63,2798400,0,0
2019-05-14 00:00:00.000000000,1557763200000000000,145.31,147.31,142.65,143.76,3069700,0,0
2019-05-15 00:00:00.000000000,1557849600000000000,143.6,144.2,140.14,143.2,3008100,0,0
2019-05-16 00:00:00.000000000,1557936000000000000,142.98,142.98,139.31,141.7,2572100,0,0
2019-05-17 00:00:00.000000000,1558022400000000000,141.0,144.44,137.97,139.18,2329100,0,0
2019-05-20 00:00:00.000000000,1558281600000000000,139.99,139.99,134.2,137.1,2312500,0,0
2019-05-21 00:00:00.000000000,1558368000000000000,138.1,143.32,137.03,142.78,2525700,0,0
2019-05-22 00:00:00.000000000,1558454400000000000,142.01,143.6,140.51,141.52,1172700,0,0
2019-05-23 00:00:00.000000000,1558540800000000000,141.5,141.5,139.5,139.8,964400,0,0
2019-05-24 00:00:00.000000000,1558627200000000000,140.05,141.65,138.28,139.69,1323700,0,0
2019-05-27 00:00:00.000000000,1558886400000000000,140.03,143.96,139.0,143.62,1452700,0,0
2019-05-28 00:00:00.000000000,1558972800000000000,143.5,147.71,142.51,147.71,2797200,0,0
2019-05-29 00:00:00.000000000,1559059200000000000,145.01,146.0,143.27,145.51,1088800,0,0
2019-05-30 00:00:00.000000000,1559145600000000000,144.1,147.2,142.62,145.7,1675300,0,0
2019-05-31 00:00:00.000000000,1559232000000000000,146.5,149.97,145.58,147.5,1869600,0,0
2019-06-03 00:00:00.000000000,1559491200000000000,147.98,151.88,147.5,151.8,2666400,0,0
2019-06-04 00:00:00.000000000,1559577600000000000,152.32,153.3,146.8,147.5,2731200,0,0
2019-06-05 00:00:00.000000000,1559664000000000000,0.0,156.66,0.0,153.6,3428900,0,0
2019-06-06 00:00:00.000000000,1559750400000000000,0.0,152.02,0.0,149.0,3086000,0,0
2019-06-10 00:00:00.000000000,1560096000000000000,0.0,153.33,0.0,151.68,1332400,0,0
2019-06-11 00:00:00.000000000,1560182400000000000,0.0,155.1,0.0,155.05,1996400,0,0
2019-06-12 00:00:00.000000000,1560268800000000000,0.0,157.49,0.0,157.0,1652500,0,0
2019-06-13 00:00:00.000000000,1560355200000000000,0.0,157.04,0.0,153.96,1903300,0,0
2019-06-14 00:00:00.000000000,1560441600000000000,153.98,154.69,151.4,152.0,1783600,0,0
2019-06-17 00:00:00.000000000,1560700800000000000,152.14,154.06,149.1,150.6,1935300,0,0
2019-06-18 00:00:00.000000000,1560787200000000000,0.0,153.66,0.0,153.3,1638800,0,0
2019-06-19 00:00:00.000000000,1560873600000000000,0.0,156.78,0.0,154.26,1600700,0,0
2019-06-20 00:00:00.000000000,1560960000000000000,0.0,158.6,0.0,157.75,2478400,0,0
2019-06-21 00:00:00.000000000,1561046400000000000,0.0,161.0,0.0,157.51,3798100,0,0
2019-06-24 00:00:00.000000000,1561305600000000000,157.95,158.5,155.18,158.33,2345500,0,0
2019-06-25 00:00:00.000000000,1561392000000000000,0.0,157.9,0.0,154.69,1820800,0,0
2019-06-26 00:00:00.000000000,1561478400000000000,0.0,158.25,0.0,158.25,1830600,0,0
2019-06-27 00:00:00.000000000,1561564800000000000,158.98,163.6,157.71,162.4,2119300,0,0
2019-06-28 00:00:00.000000000,1561651200000000000,0.0,164.5,0.0,163.2,1174900,0,0
2019-07-01 00:00:00.000000000,1561910400000000000,164.51,168.6,164.51,168.55,1813300,0,0
2019-07-02 00:00:00.000000000,1561996800000000000,169.93,175.57,168.66,174.0,3491500,0,0
2019-07-03 00:00:00.000000000,1562083200000000000,172.9,173.85,163.0,165.8,4104700,0,0
2019-07-04 00:00:00.000000000,1562169600000000000,165.59,166.71,160.25,162.59,2907200,0,0
2019-07-05 00:00:00.000000000,1562256000000000000,162.5,165.25,161.6,164.0,2356200,0,0
2019-07-08 00:00:00.000000000,1562515200000000000,163.01,164.36,160.6,163.0,2035500,0,0
2019-07-09 00:00:00.000000000,1562601600000000000,163.87,163.95,160.8,162.2,1056500,0,0
2019-07-10 00:00:00.000000000,1562688000000000000,162.91,165.32,161.55,165.26,1816900,0,0
2019-07-11 00:00:00.000000000,1562774400000000000,166.51,168.0,162.18,162.89,2070400,0,0
2019-07-12 00:00:00.000000000,1562860800000000000,162.25,164.66,158.0,159.0,2607100,0,0
2019-07-15 00:00:00.000000000,1563120000000000000,159.99,159.99,154.93,159.07,2571700,0,0
2019-07-16 00:00:00.000000000,1563206400000000000,159.07,159.94,152.6,154.43,3766000,0,0
2019-07-17 00:00:00.000000000,1563292800000000000,153.66,158.64,153.66,158.0,2430500,0,0
2019-07-18 00:00:00.000000000,1563379200000000000,158.11,159.88,156.31,157.21,1501000,0,0
2019-07-19 00:00:00.000000000,1563465600000000000,157.77,159.6,156.4,156.6,1292800,0,0
2019-07-22 00:00:00.000000000,1563724800000000000,157.15,159.01,153.37,156.84,1378300,0,0
2019-07-23 00:00:00.000000000,1563811200000000000,157.35,157.84,154.64,155.17,1129300,0,0
2019-07-24 00:00:00.000000000,1563897600000000000,156.45,160.13,154.8,159.0,1699000,0,0
2019-07-25 00:00:00.000000000,1563984000000000000,158.53,163.2,157.05,163.1,2606400,0,0
2019-07-26 00:00:00.000000000,1564070400000000000,162.0,166.2,161.45,164.4,2039400,0,0
2019-07-29 00:00:00.000000000,1564329600000000000,165.5,165.87,160.35,161.0,2192700,0,0
2019-07-30 00:00:00.000000000,1564416000000000000,160.1,164.09,160.1,162.38,1299100,0,0
2019-07-31 00:00:00.000000000,1564502400000000000,161.15,162.59,158.3,158.9,1412800,0,0
2019-08-01 00:00:00.000000000,1564588800000000000,158.12,160.86,156.24,157.78,1846200,0,0
2019-08-02 00:00:00.000000000,1564675200000000000,154.99,159.33,154.59,158.6,1431700,0,0
2019-08-05 00:00:00.000000000,1564934400000000000,157.39,157.98,149.0,153.36,3654100,0,0
2019-08-06 00:00:00.000000000,1565020800000000000,150.0,154.86,149.5,152.81,2193400,0,0
2019-08-07 00:00:00.000000000,1565107200000000000,153.66,157.23,153.1,155.87,1797300,0,0
2019-08-08 00:00:00.000000000,1565193600000000000,157.3,161.61,155.55,160.15,2028600,0,0
2019-08-09 00:00:00.000000000,1565280000000000000,160.99,164.39,159.29,160.37,2747400,0,0
2019-08-12 00:00:00.000000000,1565539200000000000,160.3,162.87,160.0,161.03,1264300,0,0
2019-08-13 00:00:00.000000000,1565625600000000000,161.03,164.15,160.49,163.01,1674700,0,0
2019-08-14 00:00:00.000000000,1565712000000000000,165.0,166.36,163.03,165.08,1844900,0,0
2019-08-15 00:00:00.000000000,1565798400000000000,163.44,166.2,163.1,165.1,1036300,0,0
2019-08-16 00:00:00.000000000,1565884800000000000,166.2,168.95,165.1,166.51,1459600,0,0
2019-08-19 00:00:00.000000000,1566144000000000000,170.34,171.49,167.65,169.3,2362500,0,0
2019-08-20 00:00:00.000000000,1566230400000000000,171.38,171.89,169.04,170.52,1349000,0,0
2019-08-21 00:00:00.000000000,1566316800000000000,170.52,170.98,166.72,168.49,2311600,0,0
2019-08-22 00:00:00.000000000,1566403200000000000,168.46,170.31,167.6,170.12,1382300,0,0
2019-08-23 00:00:00.000000000,1566489600000000000,169.58,175.68,168.5,175.4,2218800,0,0
2019-08-26 00:00:00.000000000,1566748800000000000,173.5,178.5,172.88,174.99,2262300,0,0
2019-08-27 00:00:00.000000000,1566835200000000000,176.0,183.46,176.0,182.6,2876700,0,0
2019-08-28 00:00:00.000000000,1566921600000000000,182.51,184.92,178.5,181.91,1949900,0,0
2019-08-29 00:00:00.000000000,1567008000000000000,181.0,181.39,175.47,179.08,2662300,0,0
2019-08-30 00:00:00.000000000,1567094400000000000,180.0,191.46,178.1,186.35,3185300,0,0
2019-09-02 00:00:00.000000000,1567353600000000000,185.99,192.0,185.05,189.84,1742400,0,0
2019-09-03 00:00:00.000000000,1567440000000000000,189.84,189.84,182.24,184.46,3059200,0,0
2019-09-04 00:00:00.000000000,1567526400000000000,183.48,184.77,179.9,182.86,1953300,0,0
2019-09-05 00:00:00.000000000,1567612800000000000,183.6,185.99,180.33,182.33,2624600,0,0
2019-09-06 00:00:00.000000000,1567699200000000000,182.3,183.83,180.0,183.4,1828300,0,0
2019-09-09 00:00:00.000000000,1567958400000000000,184.1,184.99,181.08,182.28,1817800,0,0
2019-09-10 00:00:00.000000000,1568044800000000000,182.89,182.89,178.28,179.9,2196800,0,0
2019-09-11 00:00:00.000000000,1568131200000000000,181.27,183.17,178.0,180.2,1408900,0,0
2019-09-12 00:00:00.000000000,1568217600000000000,180.21,180.8,178.15,180.26,1142700,0,0
2019-09-16 00:00:00.000000000,1568563200000000000,181.0,182.66,178.31,181.9,1573100,0,0
2019-09-17 00:00:00.000000000,1568649600000000000,181.5,185.46,180.58,181.97,1694200,0,0
2019-09-18 00:00:00.000000000,1568736000000000000,182.87,184.85,181.27,184.66,1930100,0,0
2019-09-19 00:00:00.000000000,1568822400000000000,185.9,186.55,182.2,184.07,1304900,0,0
2019-09-20 00:00:00.000000000,1568908800000000000,183.53,188.39,183.17,187.16,2412200,0,0
2019-09-23 00:00:00.000000000,1569168000000000000,186.91,186.91,181.56,183.36,1569400,0,0
2019-09-24 00:00:00.000000000,1569254400000000000,182.06,188.85,182.0,186.98,1974500,0,0
2019-09-25 00:00:00.000000000,1569340800000000000,186.15,191.1,186.0,189.83,1928600,0,0
2019-09-26 00:00:00.000000000,1569427200000000000,191.16,196.56,189.06,189.88,2388800,0,0
2019-09-27 00:00:00.000000000,1569513600000000000,188.96,192.85,186.35,189.84,1785700,0,0
2019-09-30 00:00:00.000000000,1569772800000000000,189.0,189.0,182.44,184.46,2051200,0,0
2019-10-08 00:00:00.000000000,1570464000000000000,182.0,190.48,181.0,183.49,2273200,0,0
2019-10-09 00:00:00.000000000,1570550400000000000,182.26,186.94,172.5,175.3,4018500,0,0
2019-10-10 00:00:00.000000000,1570636800000000000,177.9,186.5,177.01,185.03,3546400,0,0
2019-10-11 00:00:00.000000000,1570723200000000000,185.46,187.8,181.49,182.36,2175200,0,0
2019-10-14 00:00:00.000000000,1570982400000000000,183.0,186.49,179.04,180.01,3572300,0,0
2019-10-15 00:00:00.000000000,1571068800000000000,179.99,184.0,177.58,179.85,2873400,0,0
2019-10-16 00:00:00.000000000,1571155200000000000,170.0,180.99,170.0,172.13,21295000,0,0
2019-10-17 00:00:00.000000000,1571241600000000000,175.58,180.74,173.92,179.28,17844800,0,0
2019-10-18 00:00:00.000000000,1571328000000000000,180.34,182.84,176.87,176.9,7339400,0,0
2019-10-21 00:00:00.000000000,1571587200000000000,177.29,178.32,172.5,175.18,6550000,0,0
2019-10-22 00:00:00.000000000,1571673600000000000,176.33,177.4,174.11,176.01,5832700,0,0
2019-10-23 00:00:00.000000000,1571760000000000000,176.2,176.42,174.0,174.87,2932000,0,0
2019-10-24 00:00:00.000000000,1571846400000000000,175.0,175.01,169.9,171.91,4464300,0,0
2019-10-25 00:00:00.000000000,1571932800000000000,172.1,177.0,171.1,176.29,5575100,0,0
2019-10-28 00:00:00.000000000,1572192000000000000,176.0,176.99,172.02,176.2,5938600,0,0
2019-10-29 00:00:00.000000000,1572278400000000000,176.76,179.99,175.97,178.58,8588500,0,0
2019-10-30 00:00:00.000000000,1572364800000000000,180.9,181.5,178.0,179.16,8087900,0,0
2019-10-31 00:00:00.000000000,1572451200000000000,180.99,181.1,176.53,178.0,6209400,0,0
2019-11-01 00:00:00.000000000,1572537600000000000,178.98,180.23,178.31,179.8,6713400,0,0
2019-11-04 00:00:00.000000000,1572796800000000000,181.22,190.35,180.32,188.1,12630900,0,0
2019-11-05 00:00:00.000000000,1572883200000000000,189.28,193.69,187.66,192.95,7057700,0,0
2019-11-06 00:00:00.000000000,1572969600000000000,192.81,192.87,188.67,189.31,4924100,0,0
2019-11-07 00:00:00.000000000,1573056000000000000,190.0,195.31,189.32,195.0,5259900,0,0
2019-11-08 00:00:00.000000000,1573142400000000000,196.55,196.55,193.02,194.46,3790500,0,0
2019-11-11 00:00:00.000000000,1573401600000000000,194.46,195.6,188.96,189.3,4064500,0,0
2019-11-12 00:00:00.000000000,1573488000000000000,190.01,193.69,189.2,191.27,3936600,0,0
2019-11-13 00:00:00.000000000,1573574400000000000,191.28,200.25,190.55,197.6,5799100,0,0
2019-11-14 00:00:00.000000000,1573660800000000000,197.63,199.68,196.1,198.0,4090600,0,0
2019-11-15 00:00:00.000000000,1573747200000000000,198.02,200.0,193.11,194.0,4674300,0,0
2019-11-18 00:00:00.000000000,1574006400000000000,192.99,194.88,191.0,194.31,2650800,0,0
2019-11-19 00:00:00.000000000,1574092800000000000,193.5,196.28,192.81,195.02,3738100,0,0
2019-11-20 00:00:00.000000000,1574179200000000000,194.81,198.68,194.57,195.01,4177200,0,0
2019-11-21 00:00:00.000000000,1574265600000000000,194.88,194.88,189.66,190.0,4103700,0,0
2019-11-22 00:00:00.000000000,1574352000000000000,191.5,191.58,178.83,182.69,7754900,0,0
2019-11-25 00:00:00.000000000,1574611200000000000,183.15,185.75,178.6,182.5,4760400,0,0
2019-11-26 00:00:00.000000000,1574697600000000000,184.0,185.6,183.0,184.65,4432300,0,0
2019-11-27 00:00:00.000000000,1574784000000000000,184.25,184.75,179.9,183.01,3594600,0,0
2019-11-28 00:00:00.000000000,1574870400000000000,184.3,187.8,183.7,184.85,4245400,0,0
2019-11-29 00:00:00.000000000,1574956800000000000,183.5,184.79,177.4,179.7,4863000,0,0
2019-12-02 00:00:00.000000000,1575216000000000000,179.9,182.9,178.6,180.35,3351300,0,0
2019-12-03 00:00:00.000000000,1575302400000000000,180.0,180.9,173.67,180.03,5540700,0,0
2019-12-04 00:00:00.000000000,1575388800000000000,179.08,182.0,178.16,181.18,3456100,0,0
2019-12-05 00:00:00.000000000,1575475200000000000,182.3,183.35,181.26,182.3,2964100,0,0
2019-12-06 00:00:00.000000000,1575561600000000000,183.0,186.18,181.11,186.18,4259600,0,0
2019-12-09 00:00:00.000000000,1575820800000000000,185.78,186.78,178.97,181.9,6909300,0,0
2019-12-10 00:00:00.000000000,1575907200000000000,181.5,183.66,180.0,180.6,3350000,0,0
2019-12-11 00:00:00.000000000,1575993600000000000,180.52,180.52,176.95,178.45,5481000,0,0
2019-12-12 00:00:00.000000000,1576080000000000000,178.81,180.8,177.7,180.5,5612900,0,0
2019-12-13 00:00:00.000000000,1576166400000000000,181.3,187.95,180.5,185.3,8240500,0,0
2019-12-16 00:00:00.000000000,1576425600000000000,185.3,186.17,180.3,181.76,5997200,0,0
2019-12-17 00:00:00.000000000,1576512000000000000,181.77,182.66,180.5,181.75,4979300,0,0
2019-12-18 00:00:00.000000000,1576598400000000000,181.98,182.0,177.76,178.48,4989300,0,0
2019-12-19 00:00:00.000000000,1576684800000000000,179.37,179.45,178.06,179.3,1891700,0,0
2019-12-20 00:00:00.000000000,1576771200000000000,179.32,179.72,175.9,176.05,5234600,0,0
2019-12-23 00:00:00.000000000,1577030400000000000,176.31,178.64,174.27,174.55,3216100,0,0
2019-12-24 00:00:00.000000000,1577116800000000000,175.0,177.92,171.59,176.1,4740100,0,0
2019-12-25 00:00:00.000000000,1577203200000000000,175.54,176.48,174.0,175.95,2699500,0,0
2019-12-26 00:00:00.000000000,1577289600000000000,175.94,179.07,175.32,178.15,2834000,0,0
2019-12-27 00:00:00.000000000,1577376000000000000,177.4,179.3,175.38,175.48,2864100,0,0
2019-12-30 00:00:00.000000000,1577635200000000000,175.48,179.0,175.07,178.12,3094600,0,0
2019-12-31 00:00:00.000000000,1577721600000000000,179.11,181.9,178.1,181.9,3362500,0,0
2020-01-02 00:00:00.000000000,1577894400000000000,182.0,182.39,179.69,180.33,3679000,0,0
2020-01-03 00:00:00.000000000,1577980800000000000,182.09,182.09,177.77,178.0,3442900,0,0
2020-01-06 00:00:00.000000000,1578240000000000000,176.96,178.55,176.05,176.62,3959800,0,0
2020-01-07 00:00:00.000000000,1578326400000000000,177.6,180.92,176.66,180.7,3544300,0,0
2020-01-08 00:00:00.000000000,1578412800000000000,179.95,181.97,179.29,180.15,2886500,0,0
2020-01-09 00:00:00.000000000,1578499200000000000,180.25,191.22,180.25,189.86,7348300,0,0
2020-01-10 00:00:00.000000000,1578585600000000000,189.72,190.78,187.01,187.5,3628400,0,0
2020-01-13 00:00:00.000000000,1578844800000000000,188.0,188.85,185.07,188.3,3267100,0,0
2020-01-14 00:00:00.000000000,1578931200000000000,189.35,189.99,185.8,187.0,2793500,0,0
2020-01-15 00:00:00.000000000,1579017600000000000,187.0,189.6,186.58,188.44,3380100,0,0
2020-01-16 00:00:00.000000000,1579104000000000000,188.44,193.88,187.24,192.7,4497400,0,0
2020-01-17 00:00:00.000000000,1579190400000000000,193.08,194.7,190.0,193.05,3056900,0,0
2020-01-20 00:00:00.000000000,1579449600000000000,195.01,195.2,191.24,194.04,3851200,0,0
2020-01-21 00:00:00.000000000,1579536000000000000,194.48,200.04,192.05,193.37,4517000,0,0
2020-01-22 00:00:00.000000000,1579622400000000000,195.0,195.69,188.94,193.27,4389800,0,0
2020-01-23 00:00:00.000000000,1579708800000000000,195.0,195.0,185.94,187.68,4394800,0,0
2020-02-03 00:00:00.000000000,1580659200000000000,187.68,197.28,178.88,186.0,8848800,0,0
2020-02-04 00:00:00.000000000,1580745600000000000,187.87,204.37,187.25,199.99,10056300,0,0
2020-02-05 00:00:00.000000000,1580832000000000000,206.88,219.99,206.88,219.99,11001100,0,0
2020-02-06 00:00:00.000000000,1580918400000000000,229.99,229.99,217.77,221.84,14239000,0,0
2020-02-07 00:00:00.000000000,1581004800000000000,221.9,222.5,212.12,215.87,8663900,0,0
2020-02-10 00:00:00.000000000,1581264000000000000,217.0,225.8,217.0,225.43,9450700,0,0
2020-02-11 00:00:00.000000000,1581350400000000000,224.18,226.0,220.68,223.2,5244900,0,0
2020-02-12 00:00:00.000000000,1581436800000000000,223.0,228.63,221.1,228.0,5287600,0,0
2020-02-13 00:00:00.000000000,1581523200000000000,228.88,230.45,224.0,227.1,4370200,0,0
2020-02-14 00:00:00.000000000,1581609600000000000,226.0,241.0,225.8,236.55,6035700,0,0
2020-02-17 00:00:00.000000000,1581868800000000000,240.58,251.5,240.0,241.35,6291600,0,0
2020-02-18 00:00:00.000000000,1581955200000000000,238.06,244.9,238.06,242.29,3852600,0,0
2020-02-19 00:00:00.000000000,1582041600000000000,239.01,241.98,234.0,234.8,6300100,0,0
2020-02-20 00:00:00.000000000,1582128000000000000,234.8,236.99,233.13,234.99,4846300,0,0
2020-02-21 00:00:00.000000000,1582214400000000000,233.15,242.3,230.1,240.34,6566400,0,0
2020-02-24 00:00:00.000000000,1582473600000000000,242.5,251.54,242.32,250.08,8136300,0,0
2020-02-25 00:00:00.000000000,1582560000000000000,251.0,264.48,248.08,259.38,8060000,0,0
2020-02-26 00:00:00.000000000,1582646400000000000,259.0,259.0,247.4,247.9,7981800,0,0
2020-02-27 00:00:00.000000000,1582732800000000000,248.5,250.9,242.75,245.1,6256200,0,0
2020-02-28 00:00:00.000000000,1582819200000000000,244.0,247.8,237.0,239.0,10482900,0,0
2020-03-02 00:00:00.000000000,1583078400000000000,246.0,247.5,240.03,242.97,6369600,0,0
2020-03-03 00:00:00.000000000,1583164800000000000,259.0,267.27,257.59,261.99,10375800,0,0
2020-03-04 00:00:00.000000000,1583251200000000000,264.0,264.0,251.77,257.01,6706500,0,0
2020-03-05 00:00:00.000000000,1583337600000000000,264.0,270.0,259.2,261.22,7061400,0,0
2020-03-06 00:00:00.000000000,1583424000000000000,255.0,269.0,255.0,263.5,5364500,0,0
2020-03-09 00:00:00.000000000,1583683200000000000,260.79,275.54,258.7,266.7,6685100,0,0
2020-03-10 00:00:00.000000000,1583769600000000000,264.0,267.5,247.1,259.18,9825100,0,0
2020-03-11 00:00:00.000000000,1583856000000000000,259.2,260.88,247.79,249.0,6894500,0,0
2020-03-12 00:00:00.000000000,1583942400000000000,255.68,255.79,241.0,244.2,8744000,0,0
2020-03-13 00:00:00.000000000,1584028800000000000,230.9,252.2,230.0,246.26,9625400,0,0
2020-03-16 00:00:00.000000000,1584288000000000000,250.0,260.12,238.0,240.57,10555200,0,0
2020-03-17 00:00:00.000000000,1584374400000000000,245.74,248.9,230.16,242.5,6852900,0,0
2020-03-18 00:00:00.000000000,1584460800000000000,244.0,245.39,234.3,234.5,7004100,0,0
2020-03-19 00:00:00.000000000,1584547200000000000,232.52,235.9,220.0,226.29,9398400,0,0
2020-03-20 00:00:00.000000000,1584633600000000000,230.1,237.89,228.01,236.0,8186400,0,0
2020-03-23 00:00:00.000000000,1584892800000000000,232.3,247.5,232.1,242.55,9236900,0,0
2020-03-24 00:00:00.000000000,1584979200000000000,250.0,250.0,239.88,243.2,6081500,0,0
2020-03-25 00:00:00.000000000,1585065600000000000,247.82,254.91,247.82,253.88,6096100,0,0
2020-03-26 00:00:00.000000000,1585152000000000000,254.81,270.5,253.0,268.7,9167400,0,0
2020-03-27 00:00:00.000000000,1585238400000000000,273.7,273.7,257.66,262.83,8082800,0,0
2020-03-30 00:00:00.000000000,1585497600000000000,265.0,273.32,257.57,258.69,8211100,0,0
2020-03-31 00:00:00.000000000,1585584000000000000,258.7,264.99,256.6,261.7,5928300,0,0
2020-04-01 00:00:00.000000000,1585670400000000000,263.0,263.51,253.9,254.83,6085600,0,0
2020-04-02 00:00:00.000000000,1585756800000000000,254.83,255.01,247.58,254.1,7454100,0,0
2020-04-03 00:00:00.000000000,1585843200000000000,254.1,260.83,253.5,256.88,7491100,0,0
2020-04-07 00:00:00.000000000,1586188800000000000,260.6,266.66,254.45,264.72,9773400,0,0
2020-04-08 00:00:00.000000000,1586275200000000000,263.46,271.55,260.75,266.98,6502600,0,0
2020-04-09 00:00:00.000000000,1586361600000000000,267.2,275.75,263.95,271.49,6893100,0,0
2020-04-10 00:00:00.000000000,1586448000000000000,267.0,267.0,259.88,261.41,7517200,0,0
2020-04-13 00:00:00.000000000,1586707200000000000,261.51,265.19,258.81,260.7,3526900,0,0
2020-04-14 00:00:00.000000000,1586793600000000000,263.03,263.57,258.5,261.0,5290000,0,0
2020-04-15 00:00:00.000000000,1586880000000000000,262.09,268.38,261.01,264.56,5321300,0,0
2020-04-16 00:00:00.000000000,1586966400000000000,261.95,263.63,257.15,262.5,4195000,0,0
2020-04-17 00:00:00.000000000,1587052800000000000,262.1,263.48,259.0,259.24,5583400,0,0
2020-04-20 00:00:00.000000000,1587312000000000000,260.0,269.5,260.0,265.95,6528400,0,0
2020-04-21 00:00:00.000000000,1587398400000000000,265.97,268.5,263.0,268.02,4329300,0,0
2020-04-22 00:00:00.000000000,1587484800000000000,266.78,273.26,262.1,272.62,4760500,0,0
2020-04-23 00:00:00.000000000,1587571200000000000,273.98,277.61,269.01,270.52,4256300,0,0
2020-04-24 00:00:00.000000000,1587657600000000000,270.53,272.3,265.35,265.67,3054400,0,0
2020-04-27 00:00:00.000000000,1587916800000000000,267.55,274.6,264.36,272.99,4144500,0,0
2020-04-28 00:00:00.000000000,1588003200000000000,273.26,276.02,268.0,274.1,3839100,0,0
2020-04-29 00:00:00.000000000,1588089600000000000,270.52,271.94,262.0,264.7,5342200,0,0
2020-04-30 00:00:00.000000000,1588176000000000000,263.99,263.99,255.0,256.3,7915600,0,0
2020-05-06 00:00:00.000000000,1588694400000000000,253.0,261.94,252.1,260.78,5646300,0,0
2020-05-07 00:00:00.000000000,1588780800000000000,263.3,265.98,259.79,264.7,3514300,0,0
2020-05-08 00:00:00.000000000,1588867200000000000,267.0,268.5,263.41,266.21,3662100,0,0
2020-05-11 00:00:00.000000000,1589126400000000000,268.5,268.76,258.5,260.1,5286100,0,0
2020-05-12 00:00:00.000000000,1589212800000000000,260.1,261.2,258.11,260.28,3829800,0,0
2020-05-13 00:00:00.000000000,1589299200000000000,261.0,268.6,261.0,267.19,5751900,0,0
2020-05-14 00:00:00.000000000,1589385600000000000,267.2,271.19,265.38,267.8,4663900,0,0
2020-05-15 00:00:00.000000000,1589472000000000000,267.8,267.8,257.01,260.18,5942700,0,0
2020-05-18 00:00:00.000000000,1589731200000000000,261.5,268.0,258.8,265.02,7512900,0,0
2020-05-19 00:00:00.000000000,1589817600000000000,267.91,270.33,265.01,269.73,6954700,0,0
2020-05-20 00:00:00.000000000,1589904000000000000,270.0,274.56,261.88,263.02,6424800,0,0
2020-05-21 00:00:00.000000000,1589990400000000000,266.8,288.55,266.0,283.01,12404400,0,0
2020-05-22 00:00:00.000000000,1590076800000000000,283.0,283.0,270.8,274.13,6677400,0,0
2020-05-25 00:00:00.000000000,1590336000000000000,275.0,280.24,269.18,279.0,4450200,0,0
2020-05-26 00:00:00.000000000,1590422400000000000,281.0,286.44,276.02,285.69,5120600,0,0
2020-05-27 00:00:00.000000000,1590508800000000000,284.5,287.0,275.14,276.95,4778700,0,0
2020-05-28 00:00:00.000000000,1590595200000000000,278.02,278.02,267.72,271.7,4510000,0,0
2020-05-29 00:00:00.000000000,1590681600000000000,271.1,278.8,269.91,278.8,4372300,0,0
2020-06-01 00:00:00.000000000,1590940800000000000,278.8,282.55,274.01,281.26,4309800,0,0
2020-06-02 00:00:00.000000000,1591027200000000000,279.9,280.95,273.3,275.66,4303300,0,0
2020-06-03 00:00:00.000000000,1591113600000000000,275.66,280.99,273.5,276.56,4405000,0,0
2020-06-04 00:00:00.000000000,1591200000000000000,276.58,277.3,270.8,274.2,4088700,0,0
2020-06-05 00:00:00.000000000,1591286400000000000,274.2,274.2,271.02,273.83,2991400,0,0
2020-06-08 00:00:00.000000000,1591545600000000000,274.8,275.52,269.66,270.95,5662900,0,0
2020-06-09 00:00:00.000000000,1591632000000000000,270.06,273.9,267.11,272.53,4286500,0,0
2020-06-10 00:00:00.000000000,1591718400000000000,271.1,275.96,270.96,273.83,3929900,0,0
2020-06-11 00:00:00.000000000,1591804800000000000,273.8,278.7,271.38,272.7,5074300,0,0
2020-06-12 00:00:00.000000000,1591891200000000000,269.5,279.18,269.2,277.9,7399200,0,0
2020-06-15 00:00:00.000000000,1592150400000000000,283.0,290.99,282.1,282.71,8036300,0,0
2020-06-16 00:00:00.000000000,1592236800000000000,287.99,289.48,284.06,286.83,5733400,0,0
2020-06-17 00:00:00.000000000,1592323200000000000,287.33,290.88,284.08,284.53,5820500,0,0
2020-06-18 00:00:00.000000000,1592409600000000000,284.88,285.59,278.0,279.74,5737700,0,0
2020-06-19 00:00:00.000000000,1592496000000000000,281.01,296.6,281.01,294.35,9244400,0,0
2020-06-22 00:00:00.000000000,1592755200000000000,297.0,302.93,294.41,297.6,6369500,0,0
2020-06-23 00:00:00.000000000,1592841600000000000,297.62,304.2,296.15,302.56,5254300,0,0
2020-06-24 00:00:00.000000000,1592928000000000000,303.01,307.79,295.3,299.19,6421200,0,0
2020-06-29 00:00:00.000000000,1593360000000000000,301.05,303.96,299.19,301.85,4308700,0,0
2020-06-30 00:00:00.000000000,1593446400000000000,303.62,309.9,302.52,305.7,4121300,0,0
2020-07-01 00:00:00.000000000,1593532800000000000,307.0,309.55,295.17,298.5,6255400,0,0
2020-07-02 00:00:00.000000000,1593619200000000000,295.1,298.87,287.98,290.58,8497700,0,0
2020-07-03 00:00:00.000000000,1593705600000000000,290.14,298.5,286.4,296.69,7061800,0,0
2020-07-06 00:00:00.000000000,1593964800000000000,296.43,296.43,289.2,291.37,10424000,0,0
2020-07-07 00:00:00.000000000,1594051200000000000,291.05,307.71,286.99,299.64,10601200,0,0
2020-07-08 00:00:00.000000000,1594137600000000000,303.54,307.0,299.66,301.22,6854300,0,0
2020-07-09 00:00:00.000000000,1594224000000000000,302.0,322.0,301.78,319.96,10909200,0,0
2020-07-10 00:00:00.000000000,1594310400000000000,319.96,324.38,316.37,318.67,5786800,0,0
2020-07-13 00:00:00.000000000,1594569600000000000,318.5,331.5,317.4,329.5,7196100,0,0
2020-07-14 00:00:00.000000000,1594656000000000000,328.98,334.9,320.0,326.41,5636500,0,0
2020-07-15 00:00:00.000000000,1594742400000000000,337.5,358.98,337.5,346.99,11860500,0,0
2020-07-16 00:00:00.000000000,1594828800000000000,351.96,351.96,327.1,330.7,8793400,0,0
2020-07-17 00:00:00.000000000,1594915200000000000,336.0,350.8,335.8,340.9,7748000,0,0
2020-07-20 00:00:00.000000000,1595174400000000000,343.95,349.7,330.01,338.0,6128600,0,0
2020-07-21 00:00:00.000000000,1595260800000000000,339.0,350.13,333.01,344.75,6136900,0,0
2020-07-22 00:00:00.000000000,1595347200000000000,349.14,349.14,345.02,348.3,5809000,0,0
2020-07-23 00:00:00.000000000,1595433600000000000,352.0,352.66,351.49,352.6,6007700,0,0
2020-07-24 00:00:00.000000000,1595520000000000000,335.24,335.24,330.02,332.39,7684400,0,0
2020-07-27 00:00:00.000000000,1595779200000000000,335.8,342.36,330.5,334.0,5214591,0,0
2020-07-28 00:00:00.000000000,1595865600000000000,339.0,339.99,330.48,339.99,3987251,0,0
2020-07-29 00:00:00.000000000,1595952000000000000,338.0,344.63,336.02,342.96,4190164,0,0
2020-07-30 00:00:00.000000000,1596038400000000000,343.8,346.95,337.01,338.15,4356356,0,0
2020-07-31 00:00:00.000000000,1596124800000000000,338.15,348.5,337.5,346.99,5860785,0,0
2020-08-03 00:00:00.000000000,1596384000000000000,346.99,347.98,342.0,344.96,5297224,0,0
2020-08-04 00:00:00.000000000,1596470400000000000,344.4,349.0,340.0,341.51,4404774,0,0
2020-08-05 00:00:00.000000000,1596556800000000000,339.91,345.37,338.0,344.32,3430015,0,0
2020-08-06 00:00:00.000000000,1596643200000000000,344.67,345.83,333.35,335.0,4962063,0,0
2020-08-07 00:00:00.000000000,1596729600000000000,334.0,337.8,320.0,327.37,5214976,0,0
2020-08-10 00:00:00.000000000,1596988800000000000,325.0,326.95,318.02,323.48,4792353,0,0
2020-08-11 00:00:00.000000000,1597075200000000000,325.0,329.85,316.5,316.5,4114208,0,0
2020-08-12 00:00:00.000000000,1597161600000000000,317.49,320.0,306.77,312.5,5251584,0,0
2020-08-13 00:00:00.000000000,1597248000000000000,316.0,316.58,312.0,313.0,3173930,0,0
2020-08-14 00:00:00.000000000,1597334400000000000,315.16,318.5,310.5,315.72,3063328,0,0
2020-08-17 00:00:00.000000000,1597593600000000000,315.0,316.68,306.9,314.0,4407451,0,0
2020-08-18 00:00:00.000000000,1597680000000000000,314.0,323.49,313.0,319.0,3874691,0,0
2020-08-19 00:00:00.000000000,1597766400000000000,318.5,318.8,309.0,309.0,3419135,0,0
2020-08-20 00:00:00.000000000,1597852800000000000,309.0,314.5,305.11,310.39,3086579,0,0
2020-08-21 00:00:00.000000000,1597939200000000000,314.01,321.77,311.23,317.72,4433972,0,0
2020-08-24 00:00:00.000000000,1598198400000000000,320.75,324.15,314.64,317.78,4478330,0,0
2020-08-25 00:00:00.000000000,1598284800000000000,317.77,325.32,315.19,322.1,4769740,0,0
2020-08-26 00:00:00.000000000,1598371200000000000,322.1,329.0,317.0,317.09,4523948,0,0
2020-08-27 00:00:00.000000000,1598457600000000000,317.28,328.5,317.28,327.3,3689098,0,0
2020-08-28 00:00:00.000000000,1598544000000000000,329.95,342.0,329.82,339.32,6748627,0,0
2020-08-31 00:00:00.000000000,1598803200000000000,343.0,349.5,337.3,342.45,4266210,0,0
2020-09-01 00:00:00.000000000,1598889600000000000,342.0,347.14,339.5,346.85,3618662,0,0
2020-09-02 00:00:00.000000000,1598976000000000000,350.0,350.5,341.86,347.3,3552521,0,0
2020-09-03 00:00:00.000000000,1599062400000000000,346.99,355.0,343.0,343.88,4354561,0,0
2020-09-04 00:00:00.000000000,1599148800000000000,343.0,345.0,331.78,336.0,4608305,0,0
2020-09-07 00:00:00.000000000,1599408000000000000,336.18,340.12,323.1,325.01,3987309,0,0
2020-09-08 00:00:00.000000000,1599494400000000000,325.04,332.28,322.0,328.9,3875931,0,0
2020-09-09 00:00:00.000000000,1599580800000000000,325.64,327.49,311.31,312.12,5844338,0,0
2020-09-10 00:00:00.000000000,1599667200000000000,315.0,327.56,314.63,318.11,4577556,0,0
2020-09-11 00:00:00.000000000,1599753600000000000,320.0,330.57,318.53,328.89,3401487,0,0
2020-09-14 00:00:00.000000000,1600012800000000000,334.6,341.9,330.6,336.83,5114929,0,0
2020-09-15 00:00:00.000000000,1600099200000000000,337.02,339.99,334.44,338.11,2868084,0,0
2020-09-16 00:00:00.000000000,1600185600000000000,340.19,340.99,326.0,328.11,3321843,0,0
2020-09-17 00:00:00.000000000,1600272000000000000,329.2,329.2,314.43,317.55,4939924,0,0
2020-09-18 00:00:00.000000000,1600358400000000000,320.51,323.98,314.8,323.85,3142034,0,0
2020-09-21 00:00:00.000000000,1600617600000000000,323.87,326.0,315.98,319.55,3190330,0,0
2020-09-22 00:00:00.000000000,1600704000000000000,321.9,340.88,319.03,337.0,6984017,0,0
2020-09-23 00:00:00.000000000,1600790400000000000,335.0,338.99,332.67,336.66,3061547,0,0
2020-09-24 00:00:00.000000000,1600876800000000000,333.9,334.96,330.0,330.91,3088763,0,0
2020-09-25 00:00:00.000000000,1600963200000000000,332.85,335.6,327.74,330.0,2198677,0,0
2020-09-28 00:00:00.000000000,1601222400000000000,330.0,334.6,327.41,330.49,2737742,0,0
2020-09-29 00:00:00.000000000,1601308800000000000,334.0,341.0,330.85,339.33,3954078,0,0
2020-09-30 00:00:00.000000000,1601395200000000000,339.34,352.66,339.31,348.0,4265405,0,0
2020-10-09 00:00:00.000000000,1602172800000000000,354.9,363.12,354.03,358.1,3928723,0,0
2020-10-12 00:00:00.000000000,1602432000000000000,361.0,376.8,361.0,376.6,5629997,0,0
2020-10-13 00:00:00.000000000,1602518400000000000,376.98,383.95,372.2,377.5,2782060,0,0
2020-10-14 00:00:00.000000000,1602604800000000000,373.74,382.0,372.88,382.0,3089847,0,0
2020-10-15 00:00:00.000000000,1602691200000000000,372.0,375.2,361.56,371.66,6111601,0,0
2020-10-16 00:00:00.000000000,1602777600000000000,371.5,380.6,371.21,375.5,3115480,0,0
2020-10-19 00:00:00.000000000,1603036800000000000,379.64,380.0,365.2,367.51,3734121,0,0
2020-10-20 00:00:00.000000000,1603123200000000000,371.5,374.5,367.57,372.0,2323778,0,0
2020-10-21 00:00:00.000000000,1603209600000000000,376.0,377.0,364.13,366.55,2570506,0,0
2020-10-22 00:00:00.000000000,1603296000000000000,366.06,369.0,360.0,365.62,2530373,0,0
2020-10-23 00:00:00.000000000,1603382400000000000,363.6,364.89,354.0,355.0,2996795,0,0
2020-10-26 00:00:00.000000000,1603641600000000000,352.01,363.0,349.02,363.0,2970680,0,0
2020-10-27 00:00:00.000000000,1603728000000000000,363.0,366.56,356.3,362.72,3096434,0,0
2020-10-28 00:00:00.000000000,1603814400000000000,365.49,377.8,362.01,374.0,4999459,0,0
2020-10-29 00:00:00.000000000,1603900800000000000,375.0,400.0,374.09,395.0,6458247,0,0
2020-10-30 00:00:00.000000000,1603987200000000000,390.4,395.49,384.15,386.8,4354441,0,0
2020-11-02 00:00:00.000000000,1604246400000000000,390.01,395.49,385.6,393.21,3626223,0,0
2020-11-03 00:00:00.000000000,1604332800000000000,392.0,409.29,391.0,405.31,4443168,0,0
2020-11-04 00:00:00.000000000,1604419200000000000,403.8,409.01,397.25,406.01,3597822,0,0
2020-11-05 00:00:00.000000000,1604505600000000000,408.23,408.31,383.38,390.82,7381527,0,0
2020-11-06 00:00:00.000000000,1604592000000000000,390.0,391.0,366.0,374.35,9046699,0,0
2020-11-09 00:00:00.000000000,1604851200000000000,377.02,383.0,370.0,379.99,5786528,0,0
2020-11-10 00:00:00.000000000,1604937600000000000,367.8,367.8,354.5,354.99,10631588,0,0
2020-11-11 00:00:00.000000000,1605024000000000000,357.4,358.5,347.76,349.2,6263994,0,0
2020-11-12 00:00:00.000000000,1605110400000000000,351.02,353.44,341.88,343.89,6527697,0,0
2020-11-13 00:00:00.000000000,1605196800000000000,343.4,346.3,340.29,343.85,5471938,0,0
2020-11-16 00:00:00.000000000,1605456000000000000,345.0,353.85,340.0,351.34,7342142,0,0
2020-11-17 00:00:00.000000000,1605542400000000000,351.0,351.19,334.11,339.31,6486120,0,0
2020-11-18 00:00:00.000000000,1605628800000000000,339.6,344.97,330.29,334.8,6785883,0,0
2020-11-19 00:00:00.000000000,1605715200000000000,337.7,345.7,331.88,343.83,5619870,0,0
2020-11-20 00:00:00.000000000,1605801600000000000,344.17,353.0,344.17,346.51,4109665,0,0
2020-11-23 00:00:00.000000000,1606060800000000000,347.8,353.0,342.6,348.5,3738806,0,0
2020-11-24 00:00:00.000000000,1606147200000000000,348.0,348.3,337.5,343.6,3708766,0,0
2020-11-25 00:00:00.000000000,1606233600000000000,340.0,340.54,324.02,324.02,8846450,0,0
2020-11-26 00:00:00.000000000,1606320000000000000,327.0,335.0,326.6,333.78,5212256,0,0
2020-11-27 00:00:00.000000000,1606406400000000000,338.0,344.5,335.5,338.61,3603107,0,0
2020-11-30 00:00:00.000000000,1606665600000000000,338.26,345.8,334.01,337.35,4783337,0,0
2020-12-01 00:00:00.000000000,1606752000000000000,339.7,342.6,336.64,341.1,6413100,0,0
2020-12-02 00:00:00.000000000,1606838400000000000,341.1,341.93,333.8,338.0,3746211,0,0
2020-12-03 00:00:00.000000000,1606924800000000000,338.9,346.01,336.65,344.99,5909160,0,0
2020-12-04 00:00:00.000000000,1607011200000000000,342.0,351.5,342.0,350.0,5031707,0,0
2020-12-07 00:00:00.000000000,1607270400000000000,348.8,348.92,337.8,345.62,4857058,0,0
2020-12-08 00:00:00.000000000,1607356800000000000,345.88,357.0,344.17,351.9,5087127,0,0
2020-12-09 00:00:00.000000000,1607443200000000000,352.5,354.89,343.0,343.13,3670367,0,0
2020-12-10 00:00:00.000000000,1607529600000000000,341.01,353.29,340.2,351.53,5214467,0,0
2020-12-11 00:00:00.000000000,1607616000000000000,354.6,364.34,352.4,355.7,5737247,0,0
2020-12-14 00:00:00.000000000,1607875200000000000,358.48,370.0,355.77,368.14,6167502,0,0
2020-12-15 00:00:00.000000000,1607961600000000000,369.0,379.57,366.58,378.0,5079880,0,0
2020-12-16 00:00:00.000000000,1608048000000000000,377.12,380.88,371.5,377.03,4058659,0,0
2020-12-17 00:00:00.000000000,1608134400000000000,377.5,388.5,373.51,381.51,4669039,0,0
2020-12-18 00:00:00.000000000,1608220800000000000,380.92,384.99,374.01,378.07,3125606,0,0
2020-12-21 00:00:00.000000000,1608480000000000000,380.0,396.0,376.68,396.0,5003881,0,0
2020-12-22 00:00:00.000000000,1608566400000000000,396.0,397.0,387.51,387.51,3536765,0,0
2020-12-23 00:00:00.000000000,1608652800000000000,388.0,393.78,381.05,388.31,4335024,0,0
2020-12-24 00:00:00.000000000,1608739200000000000,384.96,393.5,384.05,389.45,2510686,0,0
2020-12-25 00:00:00.000000000,1608825600000000000,388.0,405.01,388.0,402.5,4576482,0,0
2020-12-28 00:00:00.000000000,1609084800000000000,400.0,407.49,397.0,399.4,3214763,0,0
2020-12-29 00:00:00.000000000,1609171200000000000,401.0,403.0,390.16,401.6,3126029,0,0
2020-12-30 00:00:00.000000000,1609257600000000000,401.59,420.0,398.07,418.06,5315347,0,0
2020-12-31 00:00:00.000000000,1609344000000000000,418.13,428.0,415.5,426.0,3968288,0,0
2021-01-04 00:00:00.000000000,1609689600000000000,425.13,449.99,424.2,433.88,5551472,0,0
2021-01-05 00:00:00.000000000,1609776000000000000,429.0,444.8,426.02,436.02,4844758,0,0
2021-01-06 00:00:00.000000000,1609862400000000000,437.0,455.5,437.0,449.8,5406575,0,0
2021-01-07 00:00:00.000000000,1609948800000000000,449.55,457.18,445.9,455.99,4426515,0,0
2021-01-08 00:00:00.000000000,1610035200000000000,462.35,468.26,440.13,449.9,6064080,0,0
2021-01-11 00:00:00.000000000,1610294400000000000,450.0,469.0,444.26,453.2,5454220,0,0
2021-01-12 00:00:00.000000000,1610380800000000000,454.5,460.6,440.18,460.0,4946896,0,0
2021-01-13 00:00:00.000000000,1610467200000000000,456.1,458.0,431.02,433.41,8126401,0,0
2021-01-14 00:00:00.000000000,1610553600000000000,431.01,437.3,424.75,425.99,5116777,0,0
2021-01-15 00:00:00.000000000,1610640000000000000,430.0,445.0,425.01,441.98,6103520,0,0
2021-01-18 00:00:00.000000000,1610899200000000000,441.6,447.0,433.25,439.77,3904236,0,0
2021-01-19 00:00:00.000000000,1610985600000000000,438.37,441.03,421.0,425.91,5185147,0,0
2021-01-20 00:00:00.000000000,1611072000000000000,428.0,449.5,423.06,444.55,4958191,0,0
2021-01-21 00:00:00.000000000,1611158400000000000,450.0,463.51,450.0,456.91,5346017,0,0
2021-01-22 00:00:00.000000000,1611244800000000000,452.0,480.0,452.0,478.18,5686844,0,0
2021-01-25 00:00:00.000000000,1611504000000000000,479.0,496.0,479.0,488.0,5848471,0,0
2021-01-26 00:00:00.000000000,1611590400000000000,480.0,484.9,447.0,453.22,7904224,0,0
2021-01-27 00:00:00.000000000,1611676800000000000,453.21,463.3,436.0,454.7,5435836,0,0
2021-01-28 00:00:00.000000000,1611763200000000000,438.11,458.72,438.11,443.45,3211070,0,0
2021-01-29 00:00:00.000000000,1611849600000000000,450.0,462.49,441.67,448.39,3888574,0,0
2021-02-01 00:00:00.000000000,1612108800000000000,450.8,464.0,449.0,460.1,3671609,0,0
2021-02-02 00:00:00.000000000,1612195200000000000,460.57,463.86,440.0,459.95,4863885,0,0
2021-02-03 00:00:00.000000000,1612281600000000000,458.5,468.1,454.36,460.4,3365403,0,0
2021-02-04 00:00:00.000000000,1612368000000000000,456.03,472.78,450.2,459.11,3886122,0,0
2021-02-05 00:00:00.000000000,1612454400000000000,463.0,490.0,459.03,483.41,4157770,0,0
2021-02-08 00:00:00.000000000,1612713600000000000,482.28,487.42,462.1,487.42,4951440,0,0
2021-02-09 00:00:00.000000000,1612800000000000000,486.04,493.0,476.5,491.61,3369716,0,0
2021-02-10 00:00:00.000000000,1612886400000000000,491.88,500.54,480.01,494.55,4419907,0,0
2021-02-18 00:00:00.000000000,1613577600000000000,500.51,503.51,460.0,466.5,6221799,0,0
2021-02-19 00:00:00.000000000,1613664000000000000,464.2,467.04,445.01,461.64,5106974,0,0
2021-02-22 00:00:00.000000000,1613923200000000000,461.65,461.7,437.02,439.0,7413460,0,0
2021-02-23 00:00:00.000000000,1614009600000000000,430.1,443.85,426.01,432.65,5332240,0,0
2021-02-24 00:00:00.000000000,1614096000000000000,435.0,437.98,414.09,420.0,7740974,0,0
2021-02-25 00:00:00.000000000,1614182400000000000,426.5,431.88,418.05,420.5,4351790,0,0
2021-02-26 00:00:00.000000000,1614268800000000000,412.5,425.0,403.75,418.0,4923812,0,0
2021-03-01 00:00:00.000000000,1614528000000000000,424.2,427.99,406.53,422.7,4266353,0,0
2021-03-02 00:00:00.000000000,1614614400000000000,427.0,431.4,403.6,404.18,6102975,0,0
2021-03-03 00:00:00.000000000,1614700800000000000,402.01,410.98,398.0,404.77,5613927,0,0
2021-03-04 00:00:00.000000000,1614787200000000000,401.01,403.0,383.73,385.37,7155089,0,0
2021-03-05 00:00:00.000000000,1614873600000000000,377.0,391.81,372.0,386.0,5782954,0,0
2021-03-08 00:00:00.000000000,1615132800000000000,388.82,391.78,357.32,357.32,6898374,0,0
2021-03-09 00:00:00.000000000,1615219200000000000,357.05,367.0,346.5,348.22,7503987,0,0
2021-03-10 00:00:00.000000000,1615305600000000000,363.0,374.85,361.0,367.93,7049732,0,0
2021-03-11 00:00:00.000000000,1615392000000000000,370.17,385.0,367.04,372.0,5896457,0,0
2021-03-12 00:00:00.000000000,1615478400000000000,374.0,385.02,371.0,384.03,5377074,0,0
2021-03-15 00:00:00.000000000,1615737600000000000,379.0,379.0,354.0,361.11,6957268,0,0
2021-03-16 00:00:00.000000000,1615824000000000000,365.0,368.0,358.0,366.0,3884632,0,0
2021-03-17 00:00:00.000000000,1615910400000000000,365.05,373.0,354.95,368.21,3984666,0,0
2021-03-18 00:00:00.000000000,1615996800000000000,374.0,384.71,370.26,379.95,3972531,0,0
2021-03-19 00:00:00.000000000,1616083200000000000,371.76,373.0,355.0,361.0,5424643,0,0
2021-03-22 00:00:00.000000000,1616342400000000000,360.15,368.99,357.44,361.2,3739860,0,0
2021-03-23 00:00:00.000000000,1616428800000000000,361.5,377.25,360.11,366.66,3935707,0,0
2021-03-24 00:00:00.000000000,1616515200000000000,365.82,383.0,365.8,376.0,4796238,0,0
2021-03-25 00:00:00.000000000,1616601600000000000,374.0,384.93,370.17,382.37,3907476,0,0
2021-03-26 00:00:00.000000000,1616688000000000000,385.31,390.87,376.0,386.01,6070295,0,0
2021-03-29 00:00:00.000000000,1616947200000000000,386.0,399.79,383.03,392.79,4642880,0,0
2021-03-30 00:00:00.000000000,1617033600000000000,393.21,408.88,391.45,408.88,3951656,0,0
2021-03-31 00:00:00.000000000,1617120000000000000,407.0,407.0,395.01,399.11,4637882,0,0
2021-04-01 00:00:00.000000000,1617206400000000000,401.1,416.0,401.1,409.03,2977635,0,0
2021-04-02 00:00:00.000000000,1617292800000000000,409.79,416.76,402.51,407.55,3287212,0,0
2021-04-06 00:00:00.000000000,1617638400000000000,407.45,407.5,395.7,399.4,3078712,0,0
2021-04-07 00:00:00.000000000,1617724800000000000,400.2,401.8,392.0,397.38,3514198,0,0
2021-04-08 00:00:00.000000000,1617811200000000000,397.0,417.0,393.13,413.21,4294395,0,0
2021-04-09 00:00:00.000000000,1617897600000000000,417.35,419.8,400.03,402.6,3109945,0,0
2021-04-12 00:00:00.000000000,1618156800000000000,402.44,410.99,392.0,393.01,3140223,0,0
2021-04-13 00:00:00.000000000,1618243200000000000,395.0,405.5,394.58,395.29,3108475,0,0
2021-04-14 00:00:00.000000000,1618329600000000000,401.11,409.9,398.01,405.13,3601252,0,0
2021-04-15 00:00:00.000000000,1618416000000000000,400.2,402.43,385.0,397.5,4757435,0,0
2021-04-16 00:00:00.000000000,1618502400000000000,400.5,405.99,392.55,402.2,2898777,0,0
2021-04-19 00:00:00.000000000,1618761600000000000,400.0,411.5,397.0,411.0,3485955,0,0
2021-04-20 00:00:00.000000000,1618848000000000000,410.6,421.01,403.86,413.15,4557365,0,0
2021-04-21 00:00:00.000000000,1618934400000000000,409.11,417.0,407.0,414.58,2859970,0,0
2021-04-22 00:00:00.000000000,1619020800000000000,414.59,415.9,402.85,407.2,3944207,0,0
2021-04-23 00:00:00.000000000,1619107200000000000,408.5,435.73,408.0,435.3,6827864,0,0
2021-04-26 00:00:00.000000000,1619366400000000000,447.0,454.0,437.0,439.0,6428683,0,0
2021-04-27 00:00:00.000000000,1619452800000000000,439.01,451.07,435.13,450.8,4397832,0,0
2021-04-28 00:00:00.000000000,1619539200000000000,451.0,457.39,445.0,456.0,4558963,0,0
2021-04-29 00:00:00.000000000,1619625600000000000,451.8,457.17,444.44,451.3,4788207,0,0
2021-04-30 00:00:00.000000000,1619712000000000000,457.01,466.37,451.31,466.35,4750384,0,0
2021-05-06 00:00:00.000000000,1620230400000000000,455.0,459.96,441.0,448.85,5328698,0,0
2021-05-07 00:00:00.000000000,1620316800000000000,448.85,450.0,425.6,426.01,4706605,0,0
2021-05-10 00:00:00.000000000,1620576000000000000,426.01,438.33,421.0,429.0,3645603,0,0
2021-05-11 00:00:00.000000000,1620662400000000000,427.97,440.2,423.0,435.86,3471158,0,0
2021-05-12 00:00:00.000000000,1620748800000000000,436.78,454.1,433.5,450.88,3541518,0,0
2021-05-13 00:00:00.000000000,1620835200000000000,446.0,453.66,438.15,452.76,3640527,0,0
2021-05-14 00:00:00.000000000,1620921600000000000,447.95,455.68,445.08,450.17,3934467,0,0
2021-05-17 00:00:00.000000000,1621180800000000000,456.01,489.75,456.01,473.3,6406856,0,0
2021-05-18 00:00:00.000000000,1621267200000000000,473.31,485.98,467.87,471.47,3088854,0,0
2021-05-19 00:00:00.000000000,1621353600000000000,469.5,475.12,463.8,464.8,2269083,0,0
2021-05-20 00:00:00.000000000,1621440000000000000,470.0,477.99,466.1,476.51,3462208,0,0
2021-05-21 00:00:00.000000000,1621526400000000000,482.0,484.3,472.58,480.6,3890019,0,0
2021-05-24 00:00:00.000000000,1621785600000000000,482.01,483.97,454.0,471.7,5481904,0,0
2021-05-25 00:00:00.000000000,1621872000000000000,474.44,486.84,472.98,485.59,4067459,0,0
2021-05-26 00:00:00.000000000,1621958400000000000,484.0,488.59,477.56,483.81,2634286,0,0
2021-05-27 00:00:00.000000000,1622044800000000000,485.0,495.05,478.0,495.0,3787532,0,0
2021-05-28 00:00:00.000000000,1622131200000000000,487.0,493.97,480.12,484.53,3578308,0,0
2021-05-31 00:00:00.000000000,1622390400000000000,487.0,487.49,477.23,483.0,2852612,0,0
2021-06-01 00:00:00.000000000,1622476800000000000,484.4,493.37,480.19,492.0,3277063,0,0
2021-06-02 00:00:00.000000000,1622563200000000000,492.0,492.0,471.75,483.0,4324526,0,0
2021-06-03 00:00:00.000000000,1622649600000000000,481.01,484.2,467.11,475.8,3296026,0,0
2021-06-04 00:00:00.000000000,1622736000000000000,475.0,488.0,474.0,484.2,2990909,0,0
2021-06-07 00:00:00.000000000,1622995200000000000,485.01,486.99,475.01,483.3,2177774,0,0
2021-06-08 00:00:00.000000000,1623081600000000000,485.0,489.55,473.02,481.55,2743407,0,0
2021-06-09 00:00:00.000000000,1623168000000000000,481.94,484.0,474.98,478.99,2425635,0,0
2021-06-10 00:00:00.000000000,1623254400000000000,478.84,491.49,478.8,486.1,3585576,0,0
2021-06-11 00:00:00.000000000,1623340800000000000,486.77,488.96,470.0,470.0,4827929,0,0
2021-06-15 00:00:00.000000000,1623686400000000000,470.34,485.0,463.0,466.15,4314820,0,0
2021-06-16 00:00:00.000000000,1623772800000000000,472.15,472.5,442.57,442.57,5195534,0,0
2021-06-17 00:00:00.000000000,1623859200000000000,445.0,459.89,438.26,456.6,4169639,0,0
2021-06-18 00:00:00.000000000,1623945600000000000,456.82,467.53,449.75,455.99,3282084,0,0
2021-06-21 00:00:00.000000000,1624204800000000000,452.0,459.42,446.02,449.92,3745623,0,0
2021-06-22 00:00:00.000000000,1624291200000000000,452.2,479.0,445.15,477.1,6056591,0,0
2021-06-23 00:00:00.000000000,1624377600000000000,477.1,478.8,466.69,468.44,3194000,0,0
2021-06-24 00:00:00.000000000,1624464000000000000,466.54,470.0,450.8,461.92,3255503,0,0
2021-06-25 00:00:00.000000000,1624550400000000000,459.8,471.43,454.17,468.68,3242171,0,0
2021-06-28 00:00:00.000000000,1624809600000000000,469.6,471.44,465.1,469.96,2814995,0,0
2021-06-29 00:00:00.000000000,1624896000000000000,475.01,484.99,468.83,477.84,4438471,0,0
2021-06-30 00:00:00.000000000,1624982400000000000,484.99,486.0,471.19,480.05,2771975,0,0
2021-07-01 00:00:00.000000000,1625068800000000000,478.01,502.0,474.88,495.99,5107240,0,0
2021-07-02 00:00:00.000000000,1625155200000000000,490.0,490.66,451.0,451.08,9529267,0,0
2021-07-05 00:00:00.000000000,1625414400000000000,450.0,461.26,444.0,453.98,4660088,0,0
2021-07-06 00:00:00.000000000,1625500800000000000,456.83,456.83,425.0,434.4,6611424,0,0
2021-07-07 00:00:00.000000000,1625587200000000000,440.0,466.0,437.12,457.65,5166992,0,0
2021-07-08 00:00:00.000000000,1625673600000000000,459.0,459.88,445.01,447.26,4188977,0,0
2021-07-09 00:00:00.000000000,1625760000000000000,441.8,450.96,434.01,444.41,3094585,0,0
2021-07-12 00:00:00.000000000,1626019200000000000,445.14,462.5,441.01,458.61,4200846,0,0
2021-07-13 00:00:00.000000000,1626105600000000000,463.0,463.0,444.0,448.01,3190698,0,0
2021-07-14 00:00:00.000000000,1626192000000000000,448.69,464.78,442.38,456.98,3422962,0,0
2021-07-15 00:00:00.000000000,1626278400000000000,456.99,457.98,446.86,456.98,2566288,0,0
2021-07-16 00:00:00.000000000,1626364800000000000,456.28,457.0,433.0,434.0,5105073,0,0
2021-07-19 00:00:00.000000000,1626624000000000000,434.0,461.0,432.38,458.95,5446748,0,0
2021-07-20 00:00:00.000000000,1626710400000000000,462.01,466.87,446.86,450.35,3640749,0,0
2021-07-21 00:00:00.000000000,1626796800000000000,453.48,458.18,449.02,455.81,4110576,0,0
2021-07-22 00:00:00.000000000,1626883200000000000,460.01,462.88,451.0,452.0,3454167,0,0
2021-07-23 00:00:00.000000000,1626969600000000000,450.5,450.51,425.0,435.0,6173363,0,0
2021-07-26 00:00:00.000000000,1627228800000000000,427.35,428.0,400.5,410.35,8521801,0,0
2021-07-27 00:00:00.000000000,1627315200000000000,406.1,415.85,389.75,391.57,6612815,0,0
2021-07-28 00:00:00.000000000,1627401600000000000,394.78,415.5,391.0,413.99,6629754,0,0
2021-07-29 00:00:00.000000000,1627488000000000000,424.34,435.55,420.0,426.32,5673328,0,0
2021-07-30 00:00:00.000000000,1627574400000000000,426.22,426.22,386.0,390.35,11877993,0,0
2021-08-02 00:00:00.000000000,1627833600000000000,394.49,403.51,369.83,397.8,8806506,0,0
2021-08-03 00:00:00.000000000,1627920000000000000,406.49,411.98,390.0,409.4,6107362,0,0
2021-08-04 00:00:00.000000000,1628006400000000000,389.99,389.99,372.9,380.31,16034385,0,0
2021-08-05 00:00:00.000000000,1628092800000000000,385.1,393.78,370.0,385.74,9102875,0,0
2021-08-06 00:00:00.000000000,1628179200000000000,381.2,388.47,380.0,384.05,5355724,0,0
2021-08-09 00:00:00.000000000,1628438400000000000,384.08,399.0,381.04,386.0,6027138,0,0
2021-08-10 00:00:00.000000000,1628524800000000000,389.99,406.0,378.5,403.4,7379784,0,0
2021-08-11 00:00:00.000000000,1628611200000000000,409.5,409.5,382.3,384.98,5673120,0,0
2021-08-12 00:00:00.000000000,1628697600000000000,384.3,391.0,373.27,375.2,5559711,0,0
2021-08-13 00:00:00.000000000,1628784000000000000,376.24,378.91,360.35,364.9,7822944,0,0
2021-08-16 00:00:00.000000000,1629043200000000000,365.0,370.68,360.08,367.44,4868725,0,0
2021-08-17 00:00:00.000000000,1629129600000000000,367.9,367.9,340.07,344.59,17132500,0,0
2021-08-18 00:00:00.000000000,1629216000000000000,348.11,351.0,341.14,347.2,6736697,0,0
2021-08-19 00:00:00.000000000,1629302400000000000,348.68,353.9,333.6,335.27,9859933,0,0
2021-08-20 00:00:00.000000000,1629388800000000000,319.0,325.0,276.31,278.09,36344278,0,0
2021-08-23 00:00:00.000000000,1629648000000000000,285.11,303.99,281.5,300.7,23241254,0,0
2021-08-24 00:00:00.000000000,1629734400000000000,309.74,310.8,300.0,305.53,12685444,0,0
2021-08-25 00:00:00.000000000,1629820800000000000,312.0,330.0,301.21,318.8,14155337,0,0
2021-08-26 00:00:00.000000000,1629907200000000000,330.0,337.74,316.34,321.45,14668926,0,0
2021-08-27 00:00:00.000000000,1629993600000000000,322.56,334.3,320.14,323.25,9696102,0,0
2021-08-30 00:00:00.000000000,1630252800000000000,327.0,329.8,314.4,319.0,9965205,0,0
2021-08-31 00:00:00.000000000,1630339200000000000,318.9,331.7,315.88,328.0,8242282,0,0
2021-09-01 00:00:00.000000000,1630425600000000000,323.8,336.2,316.1,331.0,8543126,0,0
2021-09-02 00:00:00.000000000,1630512000000000000,331.97,339.99,323.51,324.66,7419123,0,0
2021-09-03 00:00:00.000000000,1630598400000000000,324.41,337.68,317.3,331.2,6710716,0,0
2021-09-06 00:00:00.000000000,1630857600000000000,326.42,364.9,325.1,356.65,10493474,0,0
2021-09-07 00:00:00.000000000,1630944000000000000,354.05,355.7,340.59,345.98,7799091,0,0
2021-09-08 00:00:00.000000000,1631030400000000000,348.51,349.56,325.01,333.0,7996619,0,0
2021-09-09 00:00:00.000000000,1631116800000000000,333.33,339.8,325.81,334.15,6111253,0,0
2021-09-10 00:00:00.000000000,1631203200000000000,334.2,335.7,327.0,331.7,6074147,0,0
2021-09-13 00:00:00.000000000,1631462400000000000,333.7,346.99,333.7,336.34,5892979,0,0
2021-09-14 00:00:00.000000000,1631548800000000000,336.4,345.59,336.12,339.1,4341036,0,0
2021-09-15 00:00:00.000000000,1631635200000000000,337.0,344.97,326.58,328.5,6512844,0,0
2021-09-16 00:00:00.000000000,1631721600000000000,328.0,344.42,324.83,334.01,6129540,0,0
2021-09-17 00:00:00.000000000,1631808000000000000,331.0,369.0,329.5,363.0,9967938,0,0
2021-09-22 00:00:00.000000000,1632240000000000000,362.69,385.66,361.1,379.95,7533390,0,0
2021-09-23 00:00:00.000000000,1632326400000000000,378.38,379.58,365.23,368.18,6429504,0,0
2021-09-24 00:00:00.000000000,1632412800000000000,365.2,385.56,365.2,375.0,6962912,0,0
2021-09-27 00:00:00.000000000,1632672000000000000,378.0,388.77,375.0,378.6,6826933,0,0
2021-09-28 00:00:00.000000000,1632758400000000000,376.45,388.6,374.0,380.0,5068113,0,0
2021-09-29 00:00:00.000000000,1632844800000000000,375.01,380.77,367.5,374.5,3672507,0,0
2021-09-30 00:00:00.000000000,1632931200000000000,374.09,386.78,370.48,385.42,4865019,0,0
2021-10-08 00:00:00.000000000,1633622400000000000,388.7,388.88,368.68,376.35,5823890,0,0
2021-10-11 00:00:00.000000000,1633881600000000000,375.0,386.87,361.31,365.88,5682624,0,0
2021-10-12 00:00:00.000000000,1633968000000000000,370.0,385.9,360.0,376.89,6676905,0,0
2021-10-13 00:00:00.000000000,1634054400000000000,379.67,399.88,375.0,395.02,4885191,0,0
2021-10-14 00:00:00.000000000,1634140800000000000,400.4,400.4,383.33,388.0,3332334,0,0
2021-10-15 00:00:00.000000000,1634227200000000000,380.01,388.71,376.01,378.03,5140893,0,0
2021-10-18 00:00:00.000000000,1634486400000000000,378.72,378.88,365.2,370.0,4987547,0,0
2021-10-19 00:00:00.000000000,1634572800000000000,370.99,378.0,368.0,375.3,3377275,0,0
2021-10-20 00:00:00.000000000,1634659200000000000,374.99,375.04,340.21,356.95,11258205,0,0
2021-10-21 00:00:00.000000000,1634745600000000000,360.0,371.8,358.08,364.05,4919187,0,0
2021-10-22 00:00:00.000000000,1634832000000000000,365.66,373.48,360.01,362.99,3763086,0,0
2021-10-25 00:00:00.000000000,1635091200000000000,365.88,369.92,361.1,367.86,3428281,0,0
2021-10-26 00:00:00.000000000,1635177600000000000,372.2,373.48,367.03,368.0,2876580,0,0
2021-10-27 00:00:00.000000000,1635264000000000000,366.0,367.9,357.14,359.98,3399306,0,0
2021-10-28 00:00:00.000000000,1635350400000000000,360.0,374.0,357.32,362.74,4719429,0,0
2021-10-29 00:00:00.000000000,1635436800000000000,364.43,380.65,361.19,376.09,5974465,0,0
2021-11-01 00:00:00.000000000,1635696000000000000,377.66,377.68,364.2,372.71,4340220,0,0
2021-11-02 00:00:00.000000000,1635782400000000000,372.72,382.0,370.0,375.74,4431700,0,0
2021-11-03 00:00:00.000000000,1635868800000000000,378.5,388.73,373.12,380.72,5190431,0,0
2021-11-04 00:00:00.000000000,1635955200000000000,379.5,390.5,375.0,388.0,5034853,0,0
2021-11-05 00:00:00.000000000,1636041600000000000,385.2,402.18,383.69,398.89,5978103,0,0
2021-11-08 00:00:00.000000000,1636300800000000000,398.0,398.77,371.0,374.7,7156175,0,0
2021-11-09 00:00:00.000000000,1636387200000000000,377.7,378.3,368.9,370.3,4377657,0,0
2021-11-10 00:00:00.000000000,1636473600000000000,372.97,374.49,361.01,366.98,3865322,0,0
2021-11-11 00:00:00.000000000,1636560000000000000,368.0,376.98,365.0,371.24,3150196,0,0
2021-11-12 00:00:00.000000000,1636646400000000000,371.83,373.97,364.57,367.21,3326452,0,0
2021-11-15 00:00:00.000000000,1636905600000000000,366.89,372.32,365.3,366.93,2488667,0,0
2021-11-16 00:00:00.000000000,1636992000000000000,367.03,382.8,367.03,381.1,5138725,0,0
2021-11-17 00:00:00.000000000,1637078400000000000,378.8,388.0,376.55,385.51,3354333,0,0
2021-11-18 00:00:00.000000000,1637164800000000000,383.67,383.67,373.18,375.48,2764142,0,0
2021-11-19 00:00:00.000000000,1637251200000000000,371.0,379.69,371.0,378.1,1869631,0,0
2021-11-22 00:00:00.000000000,1637510400000000000,377.13,377.13,365.1,367.98,4286016,0,0
2021-11-23 00:00:00.000000000,1637596800000000000,367.1,368.68,360.0,361.0,3642086,0,0
2021-11-24 00:00:00.000000000,1637683200000000000,359.71,362.0,351.19,360.79,3240323,0,0
2021-11-25 00:00:00.000000000,1637769600000000000,361.35,364.49,357.0,363.0,2624508,0,0
2021-11-26 00:00:00.000000000,1637856000000000000,363.19,364.99,359.0,361.05,2059018,0,0
2021-11-29 00:00:00.000000000,1638115200000000000,365.1,372.65,354.02,362.08,4297919,0,0
2021-11-30 00:00:00.000000000,1638201600000000000,365.59,365.59,354.5,358.43,3346880,0,0
2021-12-01 00:00:00.000000000,1638288000000000000,357.0,359.99,354.56,358.53,2384615,0,0
2021-12-02 00:00:00.000000000,1638374400000000000,358.53,359.88,345.0,345.4,4072694,0,0
2021-12-03 00:00:00.000000000,1638460800000000000,345.89,354.54,345.89,353.0,3341938,0,0
2021-12-06 00:00:00.000000000,1638720000000000000,350.0,354.14,346.8,347.37,2858940,0,0
2021-12-07 00:00:00.000000000,1638806400000000000,348.0,351.8,346.81,349.11,3598685,0,0
2021-12-08 00:00:00.000000000,1638892800000000000,349.11,355.59,342.5,354.9,3904531,0,0
2021-12-09 00:00:00.000000000,1638979200000000000,356.0,372.21,354.91,371.0,7109405,0,0
2021-12-10 00:00:00.000000000,1639065600000000000,368.99,381.76,367.36,370.59,10665797,0,0
2021-12-13 00:00:00.000000000,1639324800000000000,374.3,382.22,367.07,367.14,5245193,0,0
2021-12-14 00:00:00.000000000,1639411200000000000,371.01,375.82,369.1,371.3,3320529,0,0
2021-12-15 00:00:00.000000000,1639497600000000000,370.33,374.97,358.0,359.0,4133246,0,0
2021-12-16 00:00:00.000000000,1639584000000000000,359.0,365.98,357.92,360.25,2896630,0,0
2021-12-17 00:00:00.000000000,1639670400000000000,362.0,362.99,356.0,356.16,2724636,0,0
2021-12-20 00:00:00.000000000,1639929600000000000,354.5,365.88,354.35,359.0,4137866,0,0
2021-12-21 00:00:00.000000000,1640016000000000000,359.0,373.0,358.0,372.0,3896258,0,0
2021-12-22 00:00:00.000000000,1640102400000000000,374.2,376.76,367.67,370.5,2135412,0,0
2021-12-23 00:00:00.000000000,1640188800000000000,371.0,374.66,365.58,373.5,2519324,0,0
2021-12-24 00:00:00.000000000,1640275200000000000,373.61,374.99,369.11,372.1,1878368,0,0
2021-12-27 00:00:00.000000000,1640534400000000000,372.86,377.8,364.01,371.21,2314057,0,0
2021-12-28 00:00:00.000000000,1640620800000000000,371.2,381.0,368.67,379.0,4184261,0,0
2021-12-29 00:00:00.000000000,1640707200000000000,380.0,381.89,374.21,376.14,2520368,0,0
2021-12-30 00:00:00.000000000,1640793600000000000,378.15,384.0,376.16,383.0,3215144,0,0
2021-12-31 00:00:00.000000000,1640880000000000000,383.0,385.6,378.29,380.8,2569715,0,0
2022-01-04 00:00:00.000000000,1641225600000000000,376.8,377.8,339.0,341.88,11624406,0,0
2022-01-05 00:00:00.000000000,1641312000000000000,341.8,348.88,340.0,345.2,5323083,0,0
2022-01-06 00:00:00.000000000,1641398400000000000,343.0,346.96,331.45,338.0,5814414,0,0
2022-01-07 00:00:00.000000000,1641484800000000000,336.0,339.84,325.0,327.99,5976400,0,0
2022-01-10 00:00:00.000000000,1641744000000000000,330.0,330.03,320.22,326.44,4946841,0,0
2022-01-11 00:00:00.000000000,1641830400000000000,323.0,327.73,312.6,319.0,7451549,0,0
2022-01-12 00:00:00.000000000,1641916800000000000,318.01,337.8,317.0,329.92,7461398,0,0
2022-01-13 00:00:00.000000000,1642003200000000000,330.06,331.48,320.05,323.49,4242674,0,0
2022-01-14 00:00:00.000000000,1642089600000000000,330.0,343.32,330.0,337.8,5491843,0,0
2022-01-17 00:00:00.000000000,1642348800000000000,337.0,345.0,332.0,336.9,2943095,0,0
2022-01-18 00:00:00.000000000,1642435200000000000,338.67,344.78,333.33,340.87,2964995,0,0
2022-01-19 00:00:00.000000000,1642521600000000000,341.69,342.69,334.5,335.22,2651706,0,0
2022-01-20 00:00:00.000000000,1642608000000000000,338.57,358.3,337.91,354.94,5409489,0,0
2022-01-21 00:00:00.000000000,1642694400000000000,353.96,358.0,339.1,342.22,4279544,0,0
2022-01-24 00:00:00.000000000,1642953600000000000,337.0,345.5,335.09,337.48,2513127,0,0
2022-01-25 00:00:00.000000000,1643040000000000000,335.0,345.6,332.36,341.0,3027208,0,0
2022-01-26 00:00:00.000000000,1643126400000000000,342.03,344.85,332.11,333.63,2240739,0,0
2022-01-27 00:00:00.000000000,1643212800000000000,330.0,333.59,323.0,326.01,2856877,0,0
2022-01-28 00:00:00.000000000,1643299200000000000,326.01,330.77,321.96,323.28,2808167,0,0
2022-02-07 00:00:00.000000000,1644163200000000000,332.88,341.0,327.08,328.57,1920813,0,0
2022-02-08 00:00:00.000000000,1644249600000000000,328.49,328.49,310.95,318.11,3222755,0,0
2022-02-09 00:00:00.000000000,1644336000000000000,316.05,320.0,311.0,315.51,3161936,0,0
2022-02-10 00:00:00.000000000,1644422400000000000,315.89,316.63,302.58,309.0,4023851,0,0
2022-02-11 00:00:00.000000000,1644508800000000000,307.15,307.15,295.61,296.5,6341699,0,0
2022-02-14 00:00:00.000000000,1644768000000000000,294.43,301.23,290.8,298.9,4994327,0,0
2022-02-15 00:00:00.000000000,1644854400000000000,294.21,320.98,294.21,318.15,6956145,0,0
2022-02-16 00:00:00.000000000,1644940800000000000,319.65,322.1,313.53,318.74,3191532,0,0
2022-02-17 00:00:00.000000000,1645027200000000000,318.8,321.26,315.55,317.6,2503865,0,0
2022-02-18 00:00:00.000000000,1645113600000000000,315.5,322.99,314.11,319.0,2655446,0,0
2022-02-21 00:00:00.000000000,1645372800000000000,320.47,322.7,317.0,321.0,2296163,0,0
2022-02-22 00:00:00.000000000,1645459200000000000,318.0,320.18,313.2,317.7,2367017,0,0
2022-02-23 00:00:00.000000000,1645545600000000000,318.0,322.58,314.5,319.54,3051547,0,0
2022-02-24 00:00:00.000000000,1645632000000000000,321.0,321.0,308.45,313.8,3148878,0,0
2022-02-25 00:00:00.000000000,1645718400000000000,314.5,333.0,314.38,325.91,4794203,0,0
2022-02-28 00:00:00.000000000,1645977600000000000,323.1,328.8,318.01,327.11,2994635,0,0
2022-03-01 00:00:00.000000000,1646064000000000000,327.49,331.95,320.88,327.0,3041701,0,0
2022-03-02 00:00:00.000000000,1646150400000000000,326.99,327.0,318.3,322.2,2465709,0,0
2022-03-03 00:00:00.000000000,1646236800000000000,322.2,329.74,318.7,320.29,2004278,0,0
2022-03-04 00:00:00.000000000,1646323200000000000,317.0,320.0,310.8,313.26,3340266,0,0
2022-03-07 00:00:00.000000000,1646582400000000000,310.1,312.84,303.0,304.8,3649543,0,0
2022-03-08 00:00:00.000000000,1646668800000000000,306.03,312.54,296.01,296.52,4324653,0,0
2022-03-09 00:00:00.000000000,1646755200000000000,296.1,299.58,277.3,286.96,6352452,0,0
2022-03-10 00:00:00.000000000,1646841600000000000,297.72,299.0,291.23,297.39,4459156,0,0
2022-03-11 00:00:00.000000000,1646928000000000000,291.99,309.12,287.0,306.7,5523984,0,0
2022-03-14 00:00:00.000000000,1647187200000000000,310.3,320.65,305.0,308.21,6390139,0,0
2022-03-15 00:00:00.000000000,1647273600000000000,311.2,311.2,292.8,293.32,4684506,0,0
2022-03-16 00:00:00.000000000,1647360000000000000,295.18,304.0,288.0,302.0,4708740,0,0
2022-03-17 00:00:00.000000000,1647446400000000000,308.99,326.32,303.39,321.0,6983048,0,0
2022-03-18 00:00:00.000000000,1647532800000000000,317.79,324.73,315.23,317.12,5038353,0,0
2022-03-21 00:00:00.000000000,1647792000000000000,320.68,320.9,306.96,311.0,3941821,0,0
2022-03-22 00:00:00.000000000,1647878400000000000,310.98,310.98,301.67,304.58,2794204,0,0
2022-03-23 00:00:00.000000000,1647964800000000000,307.9,311.65,304.68,309.81,3752097,0,0
2022-03-24 00:00:00.000000000,1648051200000000000,307.15,318.93,302.0,315.0,3946896,0,0
2022-03-25 00:00:00.000000000,1648137600000000000,312.74,313.34,299.98,300.0,3882719,0,0
2022-03-28 00:00:00.000000000,1648396800000000000,297.5,297.59,289.24,290.5,3332546,0,0
2022-03-29 00:00:00.000000000,1648483200000000000,292.01,294.69,286.0,288.42,2765506,0,0
2022-03-30 00:00:00.000000000,1648569600000000000,291.5,308.0,287.4,307.2,4598373,0,0
2022-03-31 00:00:00.000000000,1648656000000000000,305.1,309.47,304.01,307.25,2628118,0,0
2022-04-01 00:00:00.000000000,1648742400000000000,303.5,312.0,300.38,305.96,2820448,0,0
2022-04-06 00:00:00.000000000,1649174400000000000,304.1,306.98,296.64,301.46,2333289,0,0
2022-04-07 00:00:00.000000000,1649260800000000000,299.01,305.99,298.21,303.4,2200474,0,0
2022-04-08 00:00:00.000000000,1649347200000000000,303.5,313.23,302.11,307.99,2841861,0,0
2022-04-11 00:00:00.000000000,1649606400000000000,307.08,314.6,302.05,312.9,4669034,0,0
2022-04-12 00:00:00.000000000,1649692800000000000,314.22,328.53,311.6,324.84,6445498,0,0
2022-04-13 00:00:00.000000000,1649779200000000000,324.22,333.5,322.07,325.89,4993371,0,0
2022-04-14 00:00:00.000000000,1649865600000000000,323.1,332.0,321.5,329.0,3776652,0,0
2022-04-15 00:00:00.000000000,1649952000000000000,328.0,345.5,326.0,340.8,4489679,0,0
2022-04-18 00:00:00.000000000,1650211200000000000,338.0,341.93,333.17,335.84,2531465,0,0
2022-04-19 00:00:00.000000000,1650297600000000000,335.0,336.88,324.12,328.31,3920948,0,0
2022-04-20 00:00:00.000000000,1650384000000000000,327.99,327.99,298.28,299.7,8365804,0,0
2022-04-21 00:00:00.000000000,1650470400000000000,298.25,302.2,289.28,291.66,5080086,0,0
2022-04-22 00:00:00.000000000,1650556800000000000,290.0,304.95,288.02,302.0,4770352,0,0
2022-04-25 00:00:00.000000000,1650816000000000000,296.64,309.5,295.18,298.45,3956489,0,0
2022-04-26 00:00:00.000000000,1650902400000000000,299.0,323.0,299.0,318.0,5964772,0,0
2022-04-27 00:00:00.000000000,1650988800000000000,317.97,326.77,312.77,319.0,4357751,0,0
2022-04-28 00:00:00.000000000,1651075200000000000,319.0,320.97,313.69,319.0,2836157,0,0
2022-04-29 00:00:00.000000000,1651161600000000000,315.16,318.06,308.53,312.5,4722052,0,0
2022-05-05 00:00:00.000000000,1651680000000000000,319.84,323.8,306.65,316.97,3747312,0,0
2022-05-06 00:00:00.000000000,1651766400000000000,310.49,313.99,304.29,306.0,2487860,0,0
2022-05-09 00:00:00.000000000,1652025600000000000,309.9,310.66,299.63,306.01,1917752,0,0
2022-05-10 00:00:00.000000000,1652112000000000000,303.0,307.9,294.22,303.1,3535629,0,0
2022-05-11 00:00:00.000000000,1652198400000000000,303.0,310.8,300.11,306.5,4398777,0,0
2022-05-12 00:00:00.000000000,1652284800000000000,304.0,307.4,301.02,305.71,3523440,0,0
2022-05-13 00:00:00.000000000,1652371200000000000,309.95,315.34,303.0,305.5,2961716,0,0
2022-05-16 00:00:00.000000000,1652630400000000000,307.5,307.88,297.0,298.11,3106421,0,0
2022-05-17 00:00:00.000000000,1652716800000000000,300.36,306.25,297.0,302.8,2544084,0,0
2022-05-18 00:00:00.000000000,1652803200000000000,302.43,302.98,297.57,301.16,2488973,0,0
2022-05-19 00:00:00.000000000,1652889600000000000,295.0,303.88,295.0,302.03,2265609,0,0
2022-05-20 00:00:00.000000000,1652976000000000000,304.98,309.96,301.5,304.55,2975934,0,0
2022-05-23 00:00:00.000000000,1653235200000000000,307.0,307.0,298.51,299.74,2404673,0,0
2022-05-24 00:00:00.000000000,1653321600000000000,298.8,299.0,288.5,290.5,3525639,0,0
2022-05-25 00:00:00.000000000,1653408000000000000,290.5,296.99,287.11,291.6,2760244,0,0
2022-05-26 00:00:00.000000000,1653494400000000000,292.05,292.29,280.0,283.3,4466727,0,0
2022-05-27 00:00:00.000000000,1653580800000000000,287.74,299.56,286.03,294.93,5176991,0,0
2022-05-30 00:00:00.000000000,1653840000000000000,295.0,297.78,288.31,294.0,3070878,0,0
2022-05-31 00:00:00.000000000,1653926400000000000,294.0,302.81,288.58,302.5,4104601,0,0
2022-06-01 00:00:00.000000000,1654012800000000000,300.5,305.68,300.0,303.53,3057048,0,0
2022-06-02 00:00:00.000000000,1654099200000000000,301.5,302.8,295.52,298.0,2723747,0,0
2022-06-06 00:00:00.000000000,1654444800000000000,298.02,304.0,292.58,303.0,3771860,0,0
2022-06-07 00:00:00.000000000,1654531200000000000,303.99,315.0,303.01,312.72,4205083,0,0
2022-06-08 00:00:00.000000000,1654617600000000000,313.99,317.9,307.5,312.7,3953920,0,0
2022-06-09 00:00:00.000000000,1654704000000000000,310.05,313.05,302.37,304.76,3342753,0,0
2022-06-10 00:00:00.000000000,1654790400000000000,302.68,308.5,300.5,306.55,4429088,0,0
2022-06-13 00:00:00.000000000,1655049600000000000,301.75,304.22,295.18,297.44,4725449,0,0
2022-06-14 00:00:00.000000000,1655136000000000000,296.95,299.95,292.35,297.99,2524104,0,0
2022-06-15 00:00:00.000000000,1655222400000000000,299.0,305.5,297.67,300.17,3718294,0,0
2022-06-16 00:00:00.000000000,1655308800000000000,300.5,309.0,300.0,304.0,3450003,0,0
2022-06-17 00:00:00.000000000,1655395200000000000,301.05,309.61,297.0,307.59,5370923,0,0
2022-06-20 00:00:00.000000000,1655654400000000000,307.81,318.65,307.02,313.34,5086169,0,0
2022-06-21 00:00:00.000000000,1655740800000000000,310.66,320.0,308.6,315.35,3527592,0,0
2022-06-22 00:00:00.000000000,1655827200000000000,316.96,318.14,311.98,312.12,2772850,0,0
2022-06-23 00:00:00.000000000,1655913600000000000,313.87,316.0,306.3,310.66,4130993,0,0
2022-06-24 00:00:00.000000000,1656000000000000000,312.9,321.54,309.32,319.3,4708677,0,0
2022-06-27 00:00:00.000000000,1656259200000000000,322.2,327.68,318.0,319.9,4271419,0,0
2022-06-28 00:00:00.000000000,1656345600000000000,320.0,320.0,313.1,316.88,3589204,0,0
2022-06-29 00:00:00.000000000,1656432000000000000,314.22,317.95,312.0,312.0,3643023,0,0
2022-06-30 00:00:00.000000000,1656518400000000000,312.68,316.1,305.66,313.2,4879065,0,0
2022-07-01 00:00:00.000000000,1656604800000000000,313.15,318.18,306.96,312.04,3932607,0,0
2022-07-04 00:00:00.000000000,1656864000000000000,312.04,338.97,311.92,335.0,10032820,0,0
2022-07-05 00:00:00.000000000,1656950400000000000,340.8,346.5,328.22,335.4,7724386,0,0
2022-07-06 00:00:00.000000000,1657036800000000000,339.8,341.8,322.4,324.0,6790862,0,0
2022-07-07 00:00:00.000000000,1657123200000000000,324.0,324.93,311.5,315.78,6398508,0,0
2022-07-08 00:00:00.000000000,1657209600000000000,317.4,320.36,312.25,316.66,3798612,0,0
2022-07-11 00:00:00.000000000,1657468800000000000,319.08,322.39,314.07,319.68,6460710,0,0
2022-07-12 00:00:00.000000000,1657555200000000000,320.6,321.68,312.4,312.4,4093447,0,0
2022-07-13 00:00:00.000000000,1657641600000000000,312.4,317.5,310.0,316.0,3852503,0,0
2022-07-14 00:00:00.000000000,1657728000000000000,318.0,325.94,315.4,323.99,4759621,0,0
2022-07-15 00:00:00.000000000,1657814400000000000,321.1,327.7,316.0,317.05,3218959,0,0
2022-07-18 00:00:00.000000000,1658073600000000000,317.05,317.95,306.05,310.0,5552914,0,0
2022-07-19 00:00:00.000000000,1658160000000000000,312.61,312.73,295.02,301.45,9092637,0,0
2022-07-20 00:00:00.000000000,1658246400000000000,302.99,305.88,298.86,301.9,4591266,0,0
2022-07-21 00:00:00.000000000,1658332800000000000,301.9,311.52,299.04,306.47,5973481,0,0
2022-07-22 00:00:00.000000000,1658419200000000000,307.47,312.5,301.86,303.29,3712068,0,0
2022-07-25 00:00:00.000000000,1658678400000000000,303.28,306.4,299.8,302.99,2746275,0,0
2022-07-26 00:00:00.000000000,1658764800000000000,306.35,309.5,303.8,307.11,3263244,0,0
2022-07-27 00:00:00.000000000,1658851200000000000,308.07,309.91,301.1,302.0,4009058,0,0
2022-07-28 00:00:00.000000000,1658937600000000000,302.0,303.94,293.0,293.5,7542909,0,0
2022-07-29 00:00:00.000000000,1659024000000000000,294.09,294.97,288.07,289.5,4690900,0,0
2022-08-01 00:00:00.000000000,1659283200000000000,290.43,294.55,285.1,292.0,3222010,0,0
2022-08-02 00:00:00.000000000,1659369600000000000,290.01,293.66,285.67,288.0,3714025,0,0
2022-08-03 00:00:00.000000000,1659456000000000000,290.0,292.5,286.66,290.2,3057973,0,0
2022-08-04 00:00:00.000000000,1659542400000000000,290.75,295.33,289.22,292.9,2759140,0,0
2022-08-05 00:00:00.000000000,1659628800000000000,294.07,300.29,293.02,299.17,4080947,0,0
2022-08-08 00:00:00.000000000,1659888000000000000,297.81,303.86,297.17,301.7,2588472,0,0
2022-08-09 00:00:00.000000000,1659974400000000000,300.1,302.5,297.0,299.98,1785206,0,0
2022-08-10 00:00:00.000000000,1660060800000000000,299.46,301.03,293.63,295.77,2255291,0,0
2022-08-11 00:00:00.000000000,1660147200000000000,297.11,303.98,296.03,302.21,2709644,0,0
2022-08-12 00:00:00.000000000,1660233600000000000,301.7,307.8,300.01,306.15,2609765,0,0
2022-08-15 00:00:00.000000000,1660492800000000000,306.05,307.97,297.67,299.29,3095449,0,0
2022-08-16 00:00:00.000000000,1660579200000000000,299.7,304.98,297.0,298.5,2422711,0,0
2022-08-17 00:00:00.000000000,1660665600000000000,299.06,302.3,296.05,300.5,1989234,0,0
2022-08-18 00:00:00.000000000,1660752000000000000,299.35,300.46,293.7,295.4,2608161,0,0
2022-08-19 00:00:00.000000000,1660838400000000000,293.5,293.6,288.15,289.5,3571204,0,0
2022-08-22 00:00:00.000000000,1661097600000000000,293.8,305.0,291.55,299.03,6314733,0,0
2022-08-23 00:00:00.000000000,1661184000000000000,300.92,300.92,291.2,295.4,4722831,0,0
2022-08-24 00:00:00.000000000,1661270400000000000,293.35,295.95,292.01,293.81,1828232,0,0
2022-08-25 00:00:00.000000000,1661356800000000000,293.91,295.0,288.5,292.48,3280281,0,0
2022-08-26 00:00:00.000000000,1661443200000000000,294.8,298.22,293.0,295.07,2571984,0,0
2022-08-29 00:00:00.000000000,1661702400000000000,290.5,294.91,288.5,290.19,2792510,0,0
2022-08-30 00:00:00.000000000,1661788800000000000,290.52,291.96,285.57,289.0,2138544,0,0
2022-08-31 00:00:00.000000000,1661875200000000000,288.6,299.37,287.12,298.5,4492654,0,0
2022-09-01 00:00:00.000000000,1661961600000000000,294.07,299.97,293.08,295.0,2908463,0,0
2022-09-02 00:00:00.000000000,1662048000000000000,295.68,300.9,294.1,296.0,2209279,0,0
2022-09-05 00:00:00.000000000,1662307200000000000,300.9,302.96,292.15,296.37,3965427,0,0
2022-09-06 00:00:00.000000000,1662393600000000000,295.04,296.0,290.58,292.0,2320389,0,0
2022-09-07 00:00:00.000000000,1662480000000000000,290.18,293.98,289.45,290.43,2113185,0,0
2022-09-08 00:00:00.000000000,1662566400000000000,291.64,291.96,288.58,288.88,1778160,0,0
2022-09-09 00:00:00.000000000,1662652800000000000,292.0,302.0,290.2,299.46,6289012,0,0
2022-09-13 00:00:00.000000000,1662998400000000000,300.0,311.28,299.1,302.01,4166452,0,0
2022-09-14 00:00:00.000000000,1663084800000000000,298.01,305.58,297.21,304.0,3328355,0,0
2022-09-15 00:00:00.000000000,1663171200000000000,304.0,306.9,300.33,302.3,2888799,0,0
2022-09-16 00:00:00.000000000,1663257600000000000,302.01,303.5,297.27,298.3,3338221,0,0
2022-09-19 00:00:00.000000000,1663516800000000000,298.28,300.5,291.34,292.52,2771142,0,0
2022-09-20 00:00:00.000000000,1663603200000000000,292.31,294.0,282.76,284.5,4454899,0,0
2022-09-21 00:00:00.000000000,1663689600000000000,284.0,284.12,259.99,264.0,10185221,0,0
2022-09-22 00:00:00.000000000,1663776000000000000,260.8,265.38,258.0,260.95,5170544,0,0
2022-09-23 00:00:00.000000000,1663862400000000000,260.0,262.0,254.79,255.89,4713616,0,0
2022-09-26 00:00:00.000000000,1664121600000000000,255.3,265.5,253.37,262.55,4123637,0,0
2022-09-27 00:00:00.000000000,1664208000000000000,265.21,283.5,260.11,282.5,7899222,0,0
2022-09-28 00:00:00.000000000,1664294400000000000,281.97,294.5,280.01,285.99,7576015,0,0
2022-09-29 00:00:00.000000000,1664380800000000000,291.7,300.83,289.1,296.05,7795803,0,0
2022-09-30 00:00:00.000000000,1664467200000000000,299.99,301.88,293.05,299.0,5789616,0,0
2022-10-10 00:00:00.000000000,1665331200000000000,301.0,312.0,298.0,299.3,7729483,0,0
2022-10-11 00:00:00.000000000,1665417600000000000,303.49,305.3,296.94,301.77,5169435,0,0
2022-10-12 00:00:00.000000000,1665504000000000000,298.0,303.98,295.19,300.22,4188814,0,0
2022-10-13 00:00:00.000000000,1665590400000000000,300.0,305.66,295.1,299.35,4026899,0,0
2022-10-14 00:00:00.000000000,1665676800000000000,307.33,349.0,307.31,340.17,19917888,0,0
2022-10-17 00:00:00.000000000,1665936000000000000,340.0,347.0,326.66,330.0,12084945,0,0
2022-10-18 00:00:00.000000000,1666022400000000000,329.98,335.48,325.47,331.44,6948738,0,0
2022-10-19 00:00:00.000000000,1666108800000000000,327.89,331.99,326.45,328.01,5600663,0,0
2022-10-20 00:00:00.000000000,1666195200000000000,330.26,339.5,325.51,330.92,6280011,0,0
2022-10-21 00:00:00.000000000,1666281600000000000,326.07,333.08,324.7,331.55,3992932,0,0
2022-10-24 00:00:00.000000000,1666540800000000000,326.9,330.0,316.0,324.7,6277618,0,0
2022-10-25 00:00:00.000000000,1666627200000000000,326.34,327.98,308.1,313.72,8537721,0,0
2022-10-26 00:00:00.000000000,1666713600000000000,316.5,331.0,313.18,326.0,8314793,0,0
2022-10-27 00:00:00.000000000,1666800000000000000,328.5,332.35,322.6,327.0,4659495,0,0
2022-10-28 00:00:00.000000000,1666886400000000000,324.0,334.0,321.8,322.51,3701495,0,0
2022-10-31 00:00:00.000000000,1667145600000000000,317.67,332.5,317.05,325.44,5864651,0,0
2022-11-01 00:00:00.000000000,1667232000000000000,328.12,331.99,314.0,325.84,7154826,0,0
2022-11-02 00:00:00.000000000,1667318400000000000,320.0,331.18,318.3,326.41,7842400,0,0
2022-11-03 00:00:00.000000000,1667404800000000000,326.41,328.87,318.1,322.93,3944446,0,0
2022-11-04 00:00:00.000000000,1667491200000000000,323.0,332.98,317.05,318.85,10264143,0,0
2022-11-07 00:00:00.000000000,1667750400000000000,316.84,321.99,313.5,316.99,5893767,0,0
2022-11-08 00:00:00.000000000,1667836800000000000,317.97,318.96,311.32,314.6,3667951,0,0
2022-11-09 00:00:00.000000000,1667923200000000000,313.0,314.0,305.0,306.5,4611466,0,0
2022-11-10 00:00:00.000000000,1668009600000000000,304.01,308.49,299.76,302.1,3760593,0,0
2022-11-11 00:00:00.000000000,1668096000000000000,311.17,311.8,300.02,302.31,8707576,0,0
2022-11-14 00:00:00.000000000,1668355200000000000,308.36,321.25,308.04,319.0,9258499,0,0
2022-11-15 00:00:00.000000000,1668441600000000000,318.0,319.99,308.45,316.94,5269168,0,0
2022-11-16 00:00:00.000000000,1668528000000000000,316.0,325.52,312.01,318.88,4247691,0,0
2022-11-17 00:00:00.000000000,1668614400000000000,316.3,320.48,310.8,313.92,3586653,0,0
2022-11-18 00:00:00.000000000,1668700800000000000,330.0,343.0,319.01,326.52,9617786,0,0
2022-11-21 00:00:00.000000000,1668960000000000000,321.01,326.48,316.33,325.0,4538061,0,0
2022-11-22 00:00:00.000000000,1669046400000000000,326.5,328.5,319.59,321.86,4722811,0,0
2022-11-23 00:00:00.000000000,1669132800000000000,323.0,323.0,312.8,316.93,3457970,0,0
2022-11-24 00:00:00.000000000,1669219200000000000,317.02,324.2,316.0,322.17,3134293,0,0
2022-11-25 00:00:00.000000000,1669305600000000000,322.17,330.2,316.5,329.01,4396201,0,0
2022-11-28 00:00:00.000000000,1669564800000000000,323.79,328.98,319.08,326.0,3190693,0,0
2022-11-29 00:00:00.000000000,1669651200000000000,329.0,333.26,318.08,324.54,6201241,0,0
2022-11-30 00:00:00.000000000,1669737600000000000,323.5,327.5,318.82,324.6,4008456,0,0
2022-12-01 00:00:00.000000000,1669824000000000000,332.99,336.58,326.41,335.65,6695228,0,0
2022-12-02 00:00:00.000000000,1669910400000000000,332.05,338.25,328.0,328.0,4005873,0,0
2022-12-05 00:00:00.000000000,1670169600000000000,331.0,334.66,324.62,326.0,5368763,0,0
2022-12-06 00:00:00.000000000,1670256000000000000,327.5,330.99,322.2,325.06,3810305,0,0
2022-12-07 00:00:00.000000000,1670342400000000000,321.68,324.43,312.0,313.1,7637890,0,0
2022-12-08 00:00:00.000000000,1670428800000000000,316.5,317.3,309.21,314.0,4367723,0,0
2022-12-09 00:00:00.000000000,1670515200000000000,314.39,315.0,303.36,311.44,8694200,0,0
2022-12-12 00:00:00.000000000,1670774400000000000,312.0,318.0,311.9,315.45,4612326,0,0
2022-12-13 00:00:00.000000000,1670860800000000000,317.0,317.0,310.23,312.42,3287476,0,0
2022-12-14 00:00:00.000000000,1670947200000000000,314.8,315.0,307.8,308.8,3754507,0,0
2022-12-15 00:00:00.000000000,1671033600000000000,307.0,309.8,304.6,308.0,2290036,0,0
2022-12-16 00:00:00.000000000,1671120000000000000,308.0,310.76,304.51,310.76,2720165,0,0
2022-12-19 00:00:00.000000000,1671379200000000000,311.24,312.75,307.07,307.71,2818384,0,0
2022-12-20 00:00:00.000000000,1671465600000000000,307.74,309.69,302.82,303.0,3331582,0,0
2022-12-21 00:00:00.000000000,1671552000000000000,304.99,307.95,303.12,307.0,2369469,0,0
2022-12-22 00:00:00.000000000,1671638400000000000,309.0,312.4,305.01,308.43,3014784,0,0
2022-12-23 00:00:00.000000000,1671724800000000000,307.9,318.05,306.33,316.0,3221419,0,0
2022-12-26 00:00:00.000000000,1671984000000000000,319.0,320.0,313.9,314.4,2199896,0,0
2022-12-27 00:00:00.000000000,1672070400000000000,316.0,317.89,310.01,313.2,3052372,0,0
2022-12-28 00:00:00.000000000,1672156800000000000,313.6,318.8,312.12,317.19,4305686,0,0
2022-12-29 00:00:00.000000000,1672243200000000000,315.51,319.02,314.5,318.28,2812827,0,0
2022-12-30 00:00:00.000000000,1672329600000000000,319.0,319.87,313.8,315.97,3272739,0,0
2023-01-03 00:00:00.000000000,1672675200000000000,315.97,317.0,309.0,311.36,4468556,0,0
2023-01-04 00:00:00.000000000,1672761600000000000,311.3,320.68,310.08,318.45,4226437,0,0
2023-01-05 00:00:00.000000000,1672848000000000000,320.99,323.49,315.2,320.15,5128916,0,0
2023-01-06 00:00:00.000000000,1672934400000000000,321.12,323.96,316.0,318.1,4364555,0,0
2023-01-09 00:00:00.000000000,1673193600000000000,318.18,320.77,315.97,318.64,3531384,0,0
2023-01-10 00:00:00.000000000,1673280000000000000,320.0,330.0,317.45,328.09,4633145,0,0
2023-01-11 00:00:00.000000000,1673366400000000000,328.01,328.98,323.5,324.72,2537016,0,0
2023-01-12 00:00:00.000000000,1673452800000000000,328.0,328.0,320.21,321.8,2787303,0,0
2023-01-13 00:00:00.000000000,1673539200000000000,323.0,330.82,320.19,330.82,3903202,0,0
2023-01-16 00:00:00.000000000,1673798400000000000,332.73,348.3,332.03,341.88,6336432,0,0
2023-01-17 00:00:00.000000000,1673884800000000000,341.35,343.93,338.41,339.33,2697664,0,0
2023-01-18 00:00:00.000000000,1673971200000000000,340.02,341.6,335.74,337.11,1992737,0,0
2023-01-19 00:00:00.000000000,1674057600000000000,339.98,344.24,336.18,341.51,3557523,0,0
2023-01-20 00:00:00.000000000,1674144000000000000,342.77,345.0,339.55,341.05,3015155,0,0
2023-01-30 00:00:00.000000000,1675008000000000000,353.0,353.0,338.05,339.36,5009658,0,0
2023-01-31 00:00:00.000000000,1675094400000000000,341.0,341.19,331.5,332.64,3347747,0,0
2023-02-01 00:00:00.000000000,1675180800000000000,334.5,334.79,326.91,330.99,2708920,0,0
2023-02-02 00:00:00.000000000,1675267200000000000,332.98,333.0,325.28,329.01,3994194,0,0
2023-02-03 00:00:00.000000000,1675353600000000000,327.73,328.48,322.45,325.52,3199486,0,0
2023-02-06 00:00:00.000000000,1675612800000000000,317.11,320.52,313.98,316.49,4771216,0,0
2023-02-07 00:00:00.000000000,1675699200000000000,319.65,320.5,315.35,317.19,2412291,0,0
2023-02-08 00:00:00.000000000,1675785600000000000,318.8,325.52,317.21,320.0,3696817,0,0
2023-02-09 00:00:00.000000000,1675872000000000000,320.0,327.57,318.6,327.0,3214001,0,0
2023-02-10 00:00:00.000000000,1675958400000000000,326.83,328.46,321.86,324.16,2014691,0,0
2023-02-13 00:00:00.000000000,1676217600000000000,322.13,324.01,318.68,320.56,4017291,0,0
2023-02-14 00:00:00.000000000,1676304000000000000,326.0,326.78,321.12,326.78,2610981,0,0
2023-02-15 00:00:00.000000000,1676390400000000000,327.0,329.4,323.44,324.95,2112579,0,0
2023-02-16 00:00:00.000000000,1676476800000000000,326.0,326.94,321.58,322.65,2275575,0,0
2023-02-17 00:00:00.000000000,1676563200000000000,321.08,324.77,318.66,318.98,2306265,0,0
2023-02-20 00:00:00.000000000,1676822400000000000,318.05,326.6,316.05,326.18,3324954,0,0
2023-02-21 00:00:00.000000000,1676908800000000000,324.98,325.68,319.1,322.49,2553665,0,0
2023-02-22 00:00:00.000000000,1676995200000000000,322.0,323.6,315.5,317.47,3476801,0,0
2023-02-23 00:00:00.000000000,1677081600000000000,315.5,318.69,315.5,316.12,2013683,0,0
2023-02-24 00:00:00.000000000,1677168000000000000,315.0,317.3,314.5,315.04,1644267,0,0
2023-02-27 00:00:00.000000000,1677427200000000000,314.42,315.5,309.0,312.47,2589452,0,0
2023-02-28 00:00:00.000000000,1677513600000000000,312.78,319.95,312.78,314.02,2827988,0,0
2023-03-01 00:00:00.000000000,1677600000000000000,315.0,316.98,311.01,316.49,2352574,0,0
2023-03-02 00:00:00.000000000,1677686400000000000,313.02,316.6,310.58,311.4,1963514,0,0
2023-03-03 00:00:00.000000000,1677772800000000000,313.98,315.75,310.1,313.1,1667888,0,0
2023-03-06 00:00:00.000000000,1678032000000000000,312.92,314.1,310.0,313.01,2072541,0,0
2023-03-07 00:00:00.000000000,1678118400000000000,312.0,313.5,307.0,308.0,2612657,0,0
2023-03-08 00:00:00.000000000,1678204800000000000,306.06,309.88,305.0,306.09,2005228,0,0
2023-03-09 00:00:00.000000000,1678291200000000000,306.0,308.6,303.46,303.61,2283934,0,0
2023-03-10 00:00:00.000000000,1678377600000000000,303.61,311.99,303.0,309.76,3111542,0,0
